Mrpl15	62	950	4203
Lypla1	91	784	2507
Tcea1	100	1006	2547
Atp6v1h	159	1557	1811
Rrs1	116	1214	2048
Cops5	315	1320	1698
Tram1	188	1313	2938
Lactb2	96	963	4494
Terf1	32	1298	2268
Eloc	112	451	2014
Tmem70	101	866	1636
Mcm3	104	2543	3031
Rpl7	284	1097	1163
Ptp4a1	704	1226	4129
Prim2	181	1699	1975
Imp4	74	950	5836
Hs6st1	258	1494	3719
Cox5b	103	493	865
Actr1b	155	1286	3248
Coa5	136	361	3863
Unc50	328	1108	1414
Mrpl30	215	698	969
Txndc9	227	908	3381
Eif5b	280	3931	7797
Pdcl3	2236	2959	3914
Cnot11	341	1859	3482
Rnf149	131	1316	2492
Mrps9	59	1232	1418
Rpl31	93	471	1049
Tpp2	82	3871	4649
Tex30	602	1280	1360
Wdr75	356	2849	2953
Slc39a10	587	3089	5498
Asnsd1	445	2329	2442
Sf3b1	115	4030	6195
Hspd1	248	1970	2423
Mob4	69	747	2840
Hspe1	278	587	774
Maip1	445	1321	3540
Sgo2a	344	3839	4939
Clk1	147	1599	1796
Ppil3	667	1153	1363
Bzw1	329	1589	3876
Nif3l1	507	1638	3769
Orc2	397	2128	3561
Ndufb3	289	604	763
Sumo1	143	449	1215
Nop58	173	1784	9507
Wdr12	361	1633	10012
Ndufs1	242	2426	2661
Fastkd2	165	2235	4486
Eef1b2	387	1065	1939
Idh1	208	1453	2302
Rpe	76	763	2692
Acadl	28	1321	1916
Lancl1	297	1497	4461
Atic	106	1885	2845
Fn1	193	7627	8315
Mreg	196	841	2284
Xrcc5	120	2319	2549
Rpl37a	31	310	558
Igfbp2	77	995	1307
Arpc2	122	1025	1439
Pnkd	26	1184	2937
Aamp	115	1423	1817
Tmbim1	8962	9892	11011
Ctdsp1	389	1175	2876
Cnot9	380	1280	3268
Bcs1l	261	1518	1890
Rnf25	32	1403	1479
Stk16	304	1222	2876
Tuba4a	99	1446	2840
Dnpep	303	1725	2488
Gmppa	257	1520	1692
Chpf	166	2491	2892
Farsb	17	1787	2036
Acsl3	459	2622	3950
Mrpl44	115	1117	1424
Cul3	169	2476	4709
Mff	344	1220	1894
Agfg1	240	1920	8044
Trip12	125	6203	9632
Cab39	424	1450	3805
Itm2c	383	1193	2230
Psmd1	171	3033	3112
B3gnt7	310	1504	2582
Ncl	177	2301	8202
Eif4e2	86	824	1807
Atg16l1	187	2011	3130
Dgkd	14	3677	5695
Hjurp	164	2168	4878
Sh3bp4	389	3278	4995
Cops8	569	1199	2287
Ptma	180	516	1216
Ube2f	114	672	5654
Ndufa10	123	1191	2020
Cops9	43	217	438
Mterf4	70	1111	1366
Pask	313	4465	5779
Ppp1r7	806	1892	10315
Hdlbp	191	3998	6231
Bok	224	866	1468
Thap4	247	1957	5558
Dtymk	107	746	1003
Vps4b	281	1616	4633
Tsn	350	1037	7063
Nifk	54	1008	1889
Dbi	125	389	569
Ddx18	114	2097	2258
Actr3	219	1476	2565
Ubxn4	309	1830	4113
Mcm6	99	2565	2910
Dars	142	1648	2175
Dyrk3	184	1945	3164
Eif2d	189	1848	2153
Nucks1	178	883	5998
Ppp1r15b	604	2698	5594
Snrpe	74	353	503
Tmem183a	109	1237	3149
Cyb5r1	258	1176	1837
Adipor1	628	1756	3446
Rabif	36	408	2861
Kdm5b	168	4803	8714
Ube2t	285	900	1116
Elf3	98	1214	1901
Rnpep	76	2029	2288
Timm17a	59	575	7280
Ipo9	69	3192	6247
Csrp1	134	716	1828
Phlda3	330	708	1435
Cdc73	269	1865	11586
Glrx2	104	575	3337
Uchl5	129	1119	1696
Tpr	106	7402	7430
Ivns1abp	525	2454	3511
Rnf2	279	1290	3201
Arpc5	183	639	1914
Smg7	85	3490	5767
Lamc1	247	5071	7622
Glul	129	1251	2792
Acbd6	516	1365	5592
Tor1aip2	1206	2715	6118
Cop1	112	2314	5116
Mrps14	52	439	2999
Dars2	542	2504	3619
Cacybp	208	898	2098
Prdx6	103	778	2387
Prrc2c	286	8827	11502
BC055324	76	2788	3179
Nme7	300	1488	1740
Atp1b1	498	1413	2580
Tiprl	110	926	4380
Mpc2	366	750	1025
Uck2	446	1232	4731
Tmco1	486	1053	1573
Aldh9a1	245	1802	2835
Mgst3	98	560	1097
Nuf2	158	1550	2405
Uap1	240	1806	2283
Dusp12	133	1153	1374
Sdhc	25	535	3171
Apoa2	96	405	518
B4galt3	393	1581	2098
Ndufs2	34	1426	1623
Ufc1	175	679	1007
Dedd	479	1436	2563
Pfdn2	42	507	1735
Usf1	213	1146	2167
F11r	106	1009	2518
Copa	381	4056	4622
Pex19	24	924	1917
Dcaf8	1163	2939	4656
Pea15a	210	603	2501
Igsf8	169	2005	2278
Tagln2	314	914	1586
Fh1	62	1586	2636
Exo1	358	2872	7796
Desi2	384	969	8802
Cox20	40	394	471
Adss	117	1488	2771
Hnrnpu	226	2629	7640
Ahctf1	335	7067	8506
Parp1	105	3150	3873
Sde2	46	1393	3213
Lefty2	76	1183	2473
H3f3a	185	596	2841
Pycr2	171	1134	1580
Nvl	97	2665	9392
Cnih4	62	482	3268
Enah	127	2542	2889
Lbr	106	1987	3510
Srp9	154	415	1367
Degs1	101	1073	2048
Aida	470	1388	4279
Mtarc2	64	1081	1917
Iars2	109	3148	5471
Bpnt1	122	1049	2200
Eprs	154	4693	4906
Rrp15	50	896	1321
Kctd3	228	2676	3706
Cenpf	143	9137	11130
Smyd2	84	1386	1680
Nenf	102	618	742
Ppp2r5a	625	2086	3088
Dtl	144	2334	4212
Ints7	222	3123	5347
Nek2	202	1534	3227
Rpp38	127	970	1042
Hspa14	124	1654	1795
Fam107b	235	631	3156
Sephs1	378	1557	5319
Phyh	51	1068	1438
Mcm10	530	3188	4867
Cdc123	256	1267	1827
Nudt5	410	1067	4764
Atp5c1	107	1004	1166
Rbm17	193	1411	1599
Vim	480	1881	2193
Stam	199	1846	5000
Yme1l1	330	2478	4707
Ehmt1	40	3931	5953
Zmynd19	205	889	3903
Mrpl41	234	642	776
Nelfb	133	2029	2637
Ssna1	67	427	862
Tubb4b	112	1450	1598
Anapc2	38	2552	3004
Dpp7	32	1553	1682
Edf1	105	552	722
Phpt1	385	760	937
Rabl6	279	2457	3230
Bmyc	187	700	983
Ubac1	213	1443	1852
Entr1	98	1397	2193
Pmpca	26	1601	3135
Agpat2	122	959	1489
Surf1	199	1120	1173
Surf4	606	1416	3281
Wdr5	207	1212	2890
Rpl7a	64	865	914
Mrps2	34	910	2080
Setx	683	8624	10970
Rapgef1	233	3494	6402
Coq4	26	827	1991
Urm1	59	365	2196
Sptan1	109	7543	7892
Zdhhc12	60	864	1165
Tbc1d13	144	1347	3595
Endog	82	967	1063
Set	319	1189	2824
Spout1	25	1183	1805
Nup188	42	5322	5710
Ptpa	263	1235	2586
Ier5l	208	1429	2683
Ntmt1	300	972	1387
Asb6	2147	3404	4147
Tor1a	79	1081	1401
Ass1	202	1441	1696
Fubp3	219	1929	3268
Exosc2	25	907	1686
Nup214	128	6386	6605
Prrc2b	264	4725	8612
Swi5	247	517	768
1110008P14Rik	168	420	680
Ptges2	379	1534	4978
Dpm2	52	307	869
Ak1	151	736	2085
Fpgs	59	1823	2273
Cdk9	128	1247	1733
Tor2a	66	1032	1536
Fam129b	236	2486	3714
Rpl12	244	742	1242
Rabepk	312	1431
Fbxw2	132	1497	2030
Hspa5	270	2238	3672
Psmd5	40	1555	4397
Rab14	368	1016	3081
Ndufa8	164	683	861
Mrrf	339	1128	2623
Pdcl	907	1813	3056
Strbp	167	2186	16348
Psmb7	185	1019	1160
Arpc5l	120	582	1339
Rpl35	538	910	946
Mmadhc	124	1015	1342
Rif1	48	7329	8509
Prpf40a	2862	3565
Arl6ip6	35	716	2548
Gpd2	319	2503	5745
Marchf7	210	2292	3594
Psmd14	312	1245	1541
Spc25	132	669	1194
Ppig	356	2615	6245
Mettl5	258	888	968
Ssb	204	1452	2088
Gorasp2	122	1478	2238
Tlk1	397	2698	4280
Dync1i2	250	2089	2631
Hat1	38	1289	1576
Pdk1	146	1451	5185
Cdca7	132	1281	2424
Sp3	190	2542	4181
Ola1	162	1353	2175
Atp5g3	151	577	723
Mtx2	201	993	2950
Nfe2l2	233	2027	2475
Hnrnpa3	57	1197	1654
Agps	36	2052	7359
Plekha3	314	1208	2534
Cwc22	390	3117	3471
Ube2e3	387	1011	2249
Dnajc10	487	2869	4042
Nckap1	299	3686	4469
Nup35	77	1055	1559
Zc3h15	218	1499	2111
Ctnnd1	483	3300	6119
Selenoh	111	462	783
Tmx2	321	1209	2282
Med19	43	778	2059
Zdhhc5	1249	3397	4706
Clp1	102	1380	2564
Ube2l6	78	540	1560
Timm10	195	468	690
Ssrp1	217	2344	2739
Nup160	651	4860	5684
Mtch2	144	1056	2596
Ndufs3	180	972	1046
Ptpmt1	64	847	1319
Celf1	126	1668	7800
Psmc3	239	1568	1636
Ckap5	126	6225	6665
Arhgap1	455	1775	3201
Mdk	369	792	1054
Dgkz	211	3001	3584
Mapk8ip1	137	2261	2930
Hsd17b12	95	1034	1902
Api5	144	1659	3736
Trim44	216	1254	5612
Apip	113	839	919
Cat	122	1706	2613
Nat10	237	3312	3879
Cstf3	153	2307	2817
Caprin1	187	2311	6169
Rcn1	114	1092	2720
Eif3m	93	1218	1283
Lin7c	32	626	4228
Lgr4	474	3330	5060
Nop10	98	293	1109
Emc4	123	675	983
Katnbl1	161	1061	2886
Emc7	71	797	5826
Aven	27	1056	4735
Aqr	173	4619	4888
BC052040	152	998	2735
Srp14	97	430	798
Bub1b	237	3396	3668
Knstrn	98	1037	4602
Rad51	230	1250	3368
Spint1	234	1758	2323
Nusap1	505	1789	2960
Ndufaf1	266	1259	1451
Mga	186	9315	13931
Ehd4	131	1757	3730
Zfp106	152	5819	9085
Snap23	176	809	2723
Pdia3	264	1782	2770
Serf2	240	420	3056
Hypk	3514	3904	4170
Eif3j1	127	913	5413
Dut	266	755	1950
Cops2	150	1482	2073
Usp8	211	3454	4145
Trpm7	254	5846	7107
Ncaph	87	2283	2695
Snrnp200	95	6506	6745
Ciao1	196	1216	3075
Stard7	353	1475	3116
Mrps5	206	1505	4481
Mtln	21	192	800
Bub1	120	3300	3421
Anapc1	263	6098	8942
Polr1b	92	3500	3998
Chchd5	156	489	1325
Slc20a1	499	2545	3316
Ckap2l	71	2309	3137
Snrpb	167	863	1161
Nop56	44	1787	1877
Idh3b	130	1285	1616
Vps16	30	2550	3161
Mrps26	37	640	4278
Ubox5	307	1927	3731
Itpa	260	857	1390
1700037H04Rik	166	691	1241
Mavs	309	1821	3057
Pank2	69	1401	4266
Pcna	278	1064	1518
Crls1	151	1063	1924
Esf1	129	2667	3396
Snrpb2	85	763	2061
Dstn	325	823	1911
Mgme1	238	1255	2840
Snx5	238	1453	2512
Kat14	581	2921	3801
Smim26	37	361	471
Sec23b	101	2405	2779
Naa20	69	606	1142
Crnkl1	410	2483	3428
Xrn2	126	2982	3434
Nxt1	429	852	1116
Cst3	199	622	860
Gins1	125	716	1087
Nanp	72	819	1394
Nsfl1c	126	1245	1486
Fkbp1a	225	552	1658
Psmf1	171	987	3809
Srxn1	160	628	2812
Tcf15	65	653	980
Csnk2a1	262	1438	4206
Rbck1	357	1884	2384
Trib3	176	1241	2026
Zcchc3	250	1453	3073
H13	121	1258	5204
Mcts2	236	782	912
Bcl2l1	393	1095	2568
Id1	90	537	934
Tpx2	497	2735	4365
Dnmt3b	409	2989	4320
Mapre1	149	956	7336
Cbfa2t2	108	1893	6069
Chmp4b	164	839	1616
Raly	484	1375	1747
Eif2s2	231	1227	2542
Ahcy	105	1404	2543
Dynlrb1	80	371	684
Map1lc3a	310	676	1112
Eif6	492	1230	1500
Uqcc1	274	1162	2633
Ergic3	96	1248	1377
Romo1	242	482	569
Phf20	188	3221	5737
Rbm39	365	1958	2810
Scand1	300	729	803
Aar2	332	1487	3427
Dlgap4	412	3391	4851
Tgif2	266	980	2900
Rab5if	176	566	1045
Rpn2	264	2160	2756
Src	397	2005	3906
Ctnnbl1	129	1821	2442
Rprd1b	398	1376	4504
Fam83d	21	1779	2266
Top1	342	2646	3856
Srsf6	143	1163	3527
Mybl2	142	2257	3651
Gtsf1l	294	750	822
Oser1	274	1150	1702
Serinc3	95	1514	3683
Pkig	212	443	1059
Ywhab	409	1150	3013
Tomm34	509	1439	2302
Stk4	75	1539	5232
Sdc4	22	619	2458
Sys1	616	1087	2001
Wfdc2	147	672	849
Ube2c	82	622	967
Zswim1	663	2031	2705
Ctsa	324	1749	2534
Pltp	556	2038	2226
Slc35c2	321	1416	2008
Sulf2	253	2881	4580
Trp53rkb	46	781	4426
Ddx27	141	2424	2714
Cse1l	129	3045	3641
Ptgis	184	1690	2107
Rnf114	876	1566	3001
Ube2v1	134	578	2041
Cebpb	107	998	1504
Ptpn1	167	1466	4213
Pard6b	290	1406	3399
Mocs3	13	1396	1973
Sall4	172	3376	5073
Zfp64	423	2355	2848
Pfdn4	211	616	935
Aurka	51	1305	1905
Cstf1	326	1622	3451
Rtf2	115	1039	2173
Rae1	265	1372	1742
Rbm38	432	1146	2071
Npepl1	74	1649	2467
Gnas	2362	3547	3903
Nelfcd	66	1842	2279
Ctsz	141	1062	1441
Atp5e	109	268	421
Prelid3b	218	806	1553
Gm4631	117	1614	4402
Psma7	60	807	914
Adrm1	205	1429	1535
Lama5	57	11214	11388
Gid8	657	1344	2063
Rps21	84	336	394
Ythdf1	239	1919	3184
Ppdpf	340	688	1160
Arfrp1	200	806	2447
Tpd52l2	127	688	3475
Prpf6	142	2968	3054
Rgs19	175	826	1511
Polr3k	122	449	2948
Stmn2	252	792	2073
Mrps28	122	683	783
Tpd52	64	739	2193
Fabp5	92	500	987
Impa1	121	955	4185
Zfand1	21	828	1610
Rbis	79	373	435
Ythdf3	285	2043	5102
Armc1	194	1043	3673
Mtfr1	255	1242	2953
Ect2	167	2909	4086
Rpl22l1	99	468	552
Lrrc34	211	1459	1891
Sec62	473	1670	3967
Prkci	238	2026	4708
Zfp639	605	2063	2211
Actl6a	349	1639	2010
Mrpl47	408	1167	3364
Ndufb5	92	662	1079
Fxr1	170	2204	2459
Dnajc19	133	484	659
Sox2	11	971	2057
Exosc9	80	1397	1617
Ccna2	327	1596	2965
Spata5	43	2722	2890
Plk4	235	3013	3479
Pgrmc2	52	706	3007
Jade1	224	2729	5584
Noct	657	1947	3059
Elf2	496	2278	5919
Ndufc1	58	289	1249
Naa15	307	2905	6090
Ufm1	80	338	4890
Exosc8	369	1200	1300
Commd2	62	662	2992
Serp1	399	600	4611
Eif2a	238	1984	2299
Selenot	101	689	3157
Dhx36	65	3071	5620
Gmps	178	2260	8105
Ssr3	86	644	2957
Tiparp	264	2238	4191
Ccnl1	121	1720	2169
Gfm1	143	2399	4078
Mfsd1	77	1472	3011
Iqschfp	81	1761	2369
Smc4	358	4219	4316
Trim59	221	1433	2939
Kpna4	292	1858	3726
Nmd3	152	1664	9135
Pdcd10	258	897	1927
Ppid	108	1221	1752
Plrg1	124	1666	1851
Mnd1	122	740	875
Prcc	266	1742	2099
Rps3a1	133	928	977
Mrpl24	372	1023	1339
Hdgf	307	1021	2245
Isg20l2	451	1558	2893
Naxe	5	854	908
Glmp	59	1274	4219
Smg5	164	3218	4448
Cct3	120	1758	1977
Pmf1	24	633	1007
Lmna	232	2230	3156
Lamtor2	161	539	668
Ubqln4	47	1838	3330
Arhgef2	153	3111	4300
Ssr2	209	761	1189
Khdc4	47	1886	2981
Gon4l	92	6821	7537
Msto1	123	1794	1875
Dap3	544	1735	4760
Fdps	265	1327	1382
Clk2	312	1812	2154
Scamp3	119	1169	1489
Mtx1	10	1396	1522
Krtcap2	546	957	1172
Dpm3	483	762	827
Efna4	78	699	1599
Cks1b	170	410	849
Shc1	270	1680	3250
Pygo2	366	1584	3198
Ube2q1	96	1365	3077
Hax1	117	960	1139
Ubap2l	123	3168	3516
Jtb	361	802	1101
Slc39a1	119	1094	2364
Ints3	579	3705	4337
Npr1	363	3537	4066
Ilf2	94	1267	2027
Chtop	325	1075	2012
S100a6	369	639	731
S100a11	74	371	511
S100a10	152	446	685
Mrpl9	26	824	1612
Psmb4	53	848	1183
Psmd4	81	1212	1332
Vps72	76	1183	1456
Cdc42se1	388	631	2805
Prune1	453	1818	3140
Mindy1	985	2392	2827
Cers2	263	1406	2216
Setdb1	183	4110	4658
Ensa	100	454	3845
Tars2	33	2205	2400
Mcl1	69	1065	3418
Prpf3	186	2238	2933
Mrps21	106	370	488
Anp32e	351	1134	3274
Sf3b4	242	1517	1915
Bola1	306	720	995
Txnip	276	1467	2795
Rbm8a	22	547	2604
Polr3c	348	1950	2406
Rnf115	145	1063	2209
Acp6	391	1648	1754
Sec22b	156	804	2810
Phgdh	158	1760	1893
Wdr3	96	2925	3432
Ttf2	16	3433	4541
Atp1a1	270	3342	3679
Sike1	101	725	7375
Csde1	668	3065	4318
Nras	173	743	4470
Bcas2	118	796	1467
Slc16a1	204	1686	4426
Rhoc	204	786	1202
Mov10	132	3147	3460
Capza1	127	988	3193
Ddx20	147	2625	2905
Rap1a	125	680	2407
Atp5pb	545	1316	1604
Wdr77	215	1244	3682
Lamtor5	59	497	881
Rbm15	593	3482	4343
Strip1	14	2528	3215
Ahcyl1	283	1876	3863
Gstm2	60	717	1064
Gstm1	198	855	1289
Gnai3	141	1206	3262
Psma5	351	1077	1239
Psrc1	68	1058	1687
Taf13	23	398	2443
Sars	66	1605	3570
Prpf38b	285	1914	3026
Dph5	118	964	1576
Rtca	219	1320	1594
Mfsd14a	199	1672	2782
Cnn3	275	1268	2049
Gclm	429	1254	5589
Dnttip2	31	2308	2429
Fnbp1l	162	1818	5198
1810037I17Rik	257	455	1160
Larp7	168	1881	2121
Ap1ar	286	1183	2662
Gar1	291	987	1271
Pla2g12a	113	692	1561
Ostc	69	519	1067
Hadh	94	1039	1789
Rpl34	226	580	624
Aimp1	90	1050	1126
Ints12	146	1532	3101
Ppa2	30	1023	1226
Cenpe	122	7538	7910
Cisd2	564	972	3361
Manba	70	2710	3675
Ube2d3	431	875	3833
Lamtor3	175	550	1295
Adh5	89	1214	1604
Metap1	144	1305	2686
H2az1	207	594	1069
Eif4e	145	799	4991
Gtf2b	227	1178	1455
Lmo4	404	902	1669
Pkn2	346	3298	6207
Selenof	299	788	1514
Sh3glb1	282	1380	3961
Znhit6	136	1519	2339
Ccn1	189	1329	2019
Bcl10	197	899	1949
2410004B18Rik	45	588	1547
Rpf1	33	1083	1661
Fubp1	171	2100	6523
Usp33	202	2932	4183
Zzz3	446	3179	7607
Pigk	35	1223	4737
Rabggtb	73	1069	1381
Acadm	207	1473	2047
Zranb2	259	1252	2924
Cth	47	1244	1815
Ankrd13c	113	1739	3903
Srsf11	133	1564	2654
Lrrc40	64	1873	4142
Gm11808	35	422	504
Sdcbp	98	995	2086
Rab2a	219	858	2133
Plekhf2	298	1048	2977
Rps20	179	539	3706
Ccne2	214	1429	3006
Ints8	148	3136	3433
Rad54b	58	2719	2870
Fam92a	85	1153	1639
Otud6b	122	1100	3257
Decr1	156	1164	2959
Ccnc	158	1010	3365
Mms22l	457	4174	4478
Ndufaf4	84	606	3632
Casp8ap2	290	6179	6799
Akirin2	108	714	1397
Orc3	35	2183	2300
Rars2	34	1771	1868
Aco1	491	3161	3832
Topors	174	3276	3856
Ndufb6	84	471	659
Dnaja1	225	1419	5622
Smu1	121	1663	2418
Bag1	500	1160	1348
Chmp5	201	861	1519
Nfx1	129	3474	4594
Nol6	210	3669	4599
Ube2r2	327	1044	3600
Ubap2	134	3533	4368
Dcaf12	324	1686	3442
Ubap1	243	1752	3456
Nudt2	37	481	845
Rpp25l	115	607	856
Dctn3	40	601	973
Sigmar1	107	779	1640
Vcp	329	2750	3316
Stoml2	337	1399	1874
Tln1	326	7952	8393
Glipr2	360	825	2320
Clta	114	825	1099
Melk	235	2167	2955
Grhpr	57	1044	1280
Polr1e	89	1394	2986
Tomm5	81	237	639
Exosc3	38	863	1077
Slc25a51	223	1120	4438
Ncbp1	240	2613	3010
Anp32b	394	1213	1716
Nans	111	1191	2179
Sec61b	93	384	564
Erp44	118	1339	2624
Tex10	402	3189	3203
Msantd3	103	931	1597
Tmeff1	296	1415	2461
Mrpl50	40	520	2114
Smc2	223	3799	5404
Klf4	595	2047	3029
Rad23b	319	1570	3810
Elp1	186	4188	6160
Ecpas	252	5775	7045
Txn1	201	519	1051
Gng10	150	357	1192
Ptgr1	92	1082	2296
Cdc26	299	557	819
Prpf4	78	1644	5223
Bspry	40	1501	1757
Alad	174	1167	1247
Pole3	72	510	1805
Atp6v1g1	146	503	1135
Kdm4c	168	3333	4196
Dmac1	54	390	741
Snapc3	29	1253	1405
Psip1	325	1912	3251
Rraga	251	1193	1618
Plin2	142	1420	1888
Mtap	370	1222	2797
Plaa	219	2604	2784
Rps6	86	836	878
L1td1	229	2578	2942
Usp1	484	2839	3577
Leprot	92	488	1898
Dhcr24	129	1680	4028
Ssbp3	387	1554	3195
Mrpl37	73	1345	1498
Tmem59	330	1302	1775
Lrrc42	272	1538	1755
Ndc1	305	2327	4584
Magoh	103	544	692
Czib	78	561	2997
Cpt2	144	2121	2372
Scp2	85	1729	2640
Echdc2	92	983	1307
Coa7	45	741	3714
Gpx7	284	845	1289
Prpf38a	222	1161	1516
Orc1	133	2656	3014
Cc2d1b	151	2698	3303
Btf3l4	119	596	3141
Txndc12	165	678	1359
Kti12	106	1162	1629
Nrd1	178	3664	4311
Osbpl9	57	2229	2408
Faf1	440	2390	4468
Cmpk1	108	792	3170
Atpaf1	165	1212	2330
Uqcrh	102	372	547
Pomgnt1	651	2634	2953
Gpbp1l1	1242	2664	3588
Nasp	107	1454	2118
Akr1a1	348	1326	1420
Toe1	121	1657	2090
Hpdl	445	1561	1804
Urod	63	1167	1489
Prdx1	128	728	2294
Eif2b3	85	1444	1555
Kif2c	148	2314	2842
Rnf220	236	1298	1675
Dmap1	105	1512	1566
Atp6v0b	93	711	1000
Rps8	182	809	860
Ptprf	351	6048	7656
Med8	15	822	1145
Cdc20	231	1731	1793
Ebna1bp2	133	1054	2960
Slc2a1	244	1723	3260
Svbp	217	418	733
AU022252	51	651	7151
Ctps	138	1914	2705
Ybx1	241	1210	1628
Nfyc	259	1267	2006
Cap1	256	1681	2768
Ppie	19	925	1188
Pabpc4	704	2687	3019
Ndufs5	247	568	680
Akirin1	181	757	3052
Mycbp	241	553	1685
Rragc	88	1285	2593
Pou3f1	900	2250	3849
Utp11	98	860	1603
Sf3a3	119	1625	1820
1110065P20Rik	253	586	968
Yrdc	96	939	1634
Cdca8	235	1105	1626
Gnl2	139	2326	2366
Snip1	81	1233	2345
Meaf6	43	619	4550
Mrps15	145	922	937
Lsm10	211	580	943
Stk40	183	1491	3492
Eva1b	983	1478	1689
Thrap3	208	3064	4378
Adprhl2	33	1146	1672
Psmb2	125	731	859
Sfpq	93	2193	3465
Smim12	120	399	1022
Gjb3	377	1190	1880
Gjb5	180	996	1721
Ak2	120	840	986
Rnf19b	2196	2532
Yars	256	1843	2909
C77080	97	3310	5187
Rbbp4	137	1415	4407
Zbtb8os	348	852	3833
Marcksl1	249	852	1605
Lck	206	1736	2185
Hdac1	84	1533	2038
Tmem234	36	459	1437
Eif3i	52	1030	1123
Txlna	384	2049	4847
Khdrbs1	136	1468	3738
Ptp4a2	986	1490	3646
Pef1	434	1262	1915
Fabp3	183	585	823
Zcchc17	123	849	2113
Snrnp40	74	1151	1584
Nkain1	291	915	1202
Pum1	158	3728	5389
Srsf4	147	1623	2257
Ythdf2	377	2117	4129
Taf12	197	683	3787
Trnau1ap	159	1023	1130
Rcc1	156	1422	2326
Med18	219	846	1675
Sesn2	348	1791	3475
Atpif1	91	412	539
Dnajc8	36	798	1401
Smpdl3b	207	1578	2006
Rpa2	122	935	1813
Ppp1r8	57	1113	2037
Stx12	144	969	2934
Tmem222	68	695	1484
Wdtc1	428	2462	4191
Nudc	111	1110	1316
Gpn2	97	1030	1367
Arid1a	6852	8175
Sfn	399	1146	1613
Rps6ka1	165	2373	3135
Hmgn2	192	465	1265
Lin28a	100	730	3505
Sh3bgrl3	126	408	743
Zfp593	89	494	1994
Aunip	93	1116	1275
Stmn1	170	620	1060
Mtfr1l	298	1168	2025
Maco1	228	2223	3826
Tmem50a	148	622	1204
Rsrp1	228	1125	1749
Syf2	97	826	1369
Clic4	225	987	4119
Srrm1	127	2899	3152
Srsf10	480	1032	3754
Pnrc2	400	823	1919
Lypla2	137	833	1626
Pithd1	129	765	1700
Id3	382	742	1278
Tcea3	97	1141	1251
Rpl11	40	577	833
Hnrnpr	134	2033	21452
Luzp1	397	3604	7526
Kdm1a	102	2724	3028
Hspg2	59	13211	14176
Cdc42	125	701	2108
Usp48	243	3354	5741
Alpl	243	1818	2522
Ddost	149	1475	2120
Mul1	89	1148	3733
Micos10	128	359	2549
Capzb	102	936	1702
Akr7a5	11	1115	1288
Ubr4	28	15571	15928
Mrto4	2	719	930
Rcc2	420	1983	3999
Sdhb	202	1051	1142
Necap2	53	854	1906
Szrd1	24	483	3244
Epha2	113	3047	3913
Fblim1	205	1333	3101
Pdpn	208	688	762
Gm13212	244	2644	3595
Zfp980	267	2205	4006
Zfp987	176	2078	2798
Zfp600	258	2472	4244
Zfp992	81	1803	4550
Zfp981	265	1603	3038
Zfp991	401	2123	2813
Zfp988	176	2078	2800
Zfp985	240	1800	2762
Zfp979	280	1504	2594
Zfp984	310	1954	2729
2510039O18Rik	130	2035	2731
Agtrap	88	574	3996
Mad2l2	613	1249	1535
Fbxo6	850	1738	1938
Exosc10	39	2703	2790
Srm	117	1026	1338
Tardbp	353	1598	7477
Pex14	69	1200	2006
Ube4b	844	4366	5626
Pgd	113	1565	2218
Slc25a33	222	1185	1887
Errfi1	272	1658	3043
Eno1	398	1703	2027
Park7	201	771	937
Vamp3	78	390	2120
Dnajc11	62	1742	3151
Acot7	67	1222	1505
A430005L14Rik	71	764	1098
Rpl22	17	404	2051
Tprgl	37	838	1724
Rer1	176	767	1596
Ski	72	2256	5522
Gnb1	309	1332	3143
Nadk	306	1626	3152
Cdk11b	661	3016	3170
Ssu72	582	1167	1472
Atad3a	90	1866	2413
Mrpl20	135	585	764
Ccnl2	39	1596	2442
Aurkaip1	418	1021	1159
Ints11	147	1950	2368
Pusl1	74	950	1243
Ube2j2	320	1100	3339
Sdf4	431	1517	5177
Agrn	68	6173	6891
Noc2l	35	2288	2785
Cdk6	327	1308	11525
Rbm48	383	1625	2368
Gatad1	315	1116	2545
Cyp51	439	1951	3931
Sri	132	684	2504
Dbf4	204	2196	2402
Tmem60	515	917	1147
Ptpn12	164	2492	3280
Armc10	224	1145	2221
Pmpcb	37	1507	1615
Dnajc2	199	2065	2133
Psmc2	400	1702	1785
Orc5	112	1420	2103
Pus7	478	2461	3645
Tomm7	88	256	1125
Klhl7	150	1911	2966
Fastk	140	1778	1893
Abcf2	161	2048	2569
Nub1	213	2058	3269
Rheb	388	943	1784
Paxip1	271	3442	5850
Insig1	75	855	2697
Ube3c	273	3525	5048
Dnajb6	203	932	1605
Tyms	70	994	3163
Hadha	214	2506	4017
Hadhb	119	1547	2048
Cenpa	252	657	1466
Tmem214	1656	3720	6110
Ost4	125	239	1144
Preb	256	1510	6300
Cad	175	6853	7137
Gtf3c2	284	3008	4552
Eif2b4	407	1982	2025
Snx17	176	1589	2018
Nrbp1	158	1766	2203
Ppm1g	265	1894	2307
Zfp512	113	1802	3299
Gpn1	32	1151	3144
Mrpl33	62	260	478
Babam2	418	1570	1888
Ppp1cb	513	1497	5962
Pisd	557	1685	2491
Ywhah	252	993	1764
Ctbp1	176	1502	2279
Maea	68	1259	2193
Fam53a	924	2133	2346
Slbp	321	1149	1906
Tacc3	601	2494	2899
Letm1	265	2482	5272
Nelfa	178	1771	2580
Haus3	268	1981	2073
Rnf4	402	987	3046
Add1	61	2269	3761
Mfsd10	279	1650	1907
Nop14	103	2686	2702
Lrpap1	75	1158	2981
Grpel1	196	850	3528
Bloc1s4	5	653	1273
Mrfap1	179	557	1648
Lyar	215	1382	1563
Wdr1	275	2096	3089
Zfp518b	639	3888	6816
Fbxl5	102	2175	2858
Gm7879	29	563	774
Qdpr	134	860	1380
Lap3	86	1646	2267
Med28	97	634	4560
Ncapg	104	3119	3703
Adgra3	231	4164	4480
Dhx15	164	2552	3010
Anapc4	252	2676	3854
Rbpj	234	1698	5440
Klf3	443	1478	5221
Rfc1	144	3540	4751
Rpl9	70	649	738
Ugdh	333	1815	2550
Ube2k	251	854	4893
Pds5a	459	4458	8934
Uchl1	199	871	1177
Tmem33	267	1011	6247
Commd8	45	597	3895
Ociad1	190	934	1523
Tmem165	266	1238	1897
Ppat	494	2048	3981
Srp72	41	2057	3625
Paics	513	1791	2482
Rest	307	3556	7004
Polr2b	465	3990	4145
Ythdc1	2211	2960
Utp3	152	1562	1629
Grsf1	60	1500	2538
Ankrd17	530	8342	10458
G3bp2	513	1962	3026
Uso1	160	3040	3898
Sdad1	143	2207	5020
Nup54	149	1682	2352
Septin11	134	1424	5028
Ccni	626	1760	2804
Mrpl1	155	1166	3556
Anxa3	217	1189	1595
Hnrnpd	314	1382	6811
Hnrnpdl	60	1323	2752
Enoph1	234	1008	1833
Sec31a	133	3826	4228
Cops4	168	1389	1755
Mrps18c	143	575	638
Nudt9	171	1224	1488
Spp1	197	1082	1507
Lrrc8d	444	3024	3929
Zfp644	316	4195	5689
Mtf2	219	2001	4060
Dr1	693	1224	3085
Atp5k	87	303	371
Rpl5	142	1036	2045
Gak	94	4012	4453
Crlf2	110	1190	1323
Gtpbp6	26	1571	1617
Ankle2	233	3128	4077
Pgam5	48	912	2044
Noc4l	78	1629	2075
Ddx51	37	1957	4846
Pus1	277	1603	1868
Ulk1	373	3529	5213
Chek2	56	1697	2276
Pitpnb	51	867	2761
Tpst2	226	1357	1835
Tfip11	311	2828	3560
Sart3	875	3764	4447
Iscu	80	587	957
Coro1c	153	1578	3491
Ssh1	162	3291	8436
Alkbh2	331	1051	1073
Ung	303	1191	2136
Gltp	123	753	1762
Ankrd13a	552	2319	3717
1500011B03Rik	420
Sppl3	456	1611	3204
Acads	76	1315	1870
Unc119b	65	821	3659
Mlec	145	1021	5955
Pop5	275	785	1025
Coq5	47	1031	2037
Rnf10	482	2897	3112
Srsf9	132	801	1162
Triap1	46	277	1088
Dynll1	174	444	2030
Cox6a1	31	370	571
Gcn1	35	8051	8555
Rab35	239	845	2820
Prkab1	213	1026	2089
Hspb8	385	976	1816
Suds3	185	1172	2425
Pebp1	82	646	1240
Wsb2	157	1372	2421
Rfc5	69	1089	2796
Rplp0	121	1075	1358
Rbm19	149	3008	4010
Ddx54	397	3022	4322
Ptpn11	114	1908	5535
Naa25	69	2988	5447
Erp29	166	955	5204
Aldh2	343	1903	3867
Rpl6	72	963	1270
Ppp1cc	283	1255	2384
Vps29	105	654	2716
Fam216a	417	1173	1388
Gpn3	158	1013	1592
Arpc3	114	651	899
Atp2a2	540	3675	4486
Anapc5	189	2412	2760
Rnf34	245	1376	4440
Kdm2b	199	4129	5180
Orai1	184	1099	1875
Psmd9	117	786	2597
Diablo	56	770	1576
Vps33a	57	1854	4235
Zcchc8	170	2300	4350
Rsrc2	120	1425	1595
Denr	201	798	2339
Arl6ip4	347	1037	1192
Cdk2ap1	300	645	1315
Kmt5a	76	1129	2739
Tmed2	167	773	2074
Eif2b1	118	1036	2013
Gtf2h3	49	979	2672
Zfp664	1005	1791	4092
Dhx37	84	3537	4760
Ubc	321	2526	2618
Bri3bp	94	856	6473
Sfswap	158	2996	3313
Mrps17	297	660	5061
Psph	822	1500	1733
Ran	267	918	2423
Sumf2	10	937	2264
Cct6a	1599
Asl	966	2361	2413
Chchd2	223	685	915
Tmem248	195	1140	3607
Sbds	193	946	1548
Rcc1l	60	1446	2321
Gtf2i	383	3380	4455
Rfc2	99	1149	4995
Eif4h	48	735	2367
Cldn4	189	822	1816
Abhd11	413	1337	1493
Bud23	257	1103	1516
Nsun5	31	1429	2243
Pom121	41	3644	5580
Por	230	2267	2636
Tmem120a	320	1352	1559
Mdh2	256	1273	1456
Hspb1	140	770	903
Ywhag	190	934	3520
Dtx2	328	2185	2562
Polr2j	122	476	646
Lrwd1	123	2070	2473
Prkrip1	63	624	3893
Fis1	107	566	786
Znhit1	69	534	740
Ap1s1	125	602	1353
Srrt	269	2897	3024
Trip6	336	1779	2168
Pop7	356	779	988
Gnb2	461	1484	1860
Pcolce	159	1566	1626
Tsc22d4	687	1851	3983
Ppp1r35	90	873	956
Mepce	601	2602	3128
Cops6	42	1017	1787
Mcm7	666	2826	2962
Lamtor4	319	619	877
Pdgfa	266	857	2060
Dnaaf5	24	2586	3450
Get4	141	1125	2107
Cox19	80	359	2461
3110082I17Rik	35	623	1429
Ints1	168	6837	7070
Psmg3	185	554	883
Nudt1	111	582	954
Eif3b	33	2445	2945
Gna12	135	1275	3416
Wipi2	166	1444	1959
Actb	109	1237	1920
Fscn1	106	1588	2675
Olfr718	1	661	1696
E130309D02Rik	266	1613	2208
Kdelr2	124	763	1829
Rac1	239	818	4159
Aimp2	124	1087	1185
Ccz1	41	1484	1769
Bri3	144	522	955
Arpc1a	173	1286	1632
Arpc1b	146	1265	3105
Pdap1	259	805	2353
Bud31	307	742	928
Atp5j2	547	814	955
Zfp655	135	1761	4104
Gtf3a	124	1219	1298
Rpl21	294	777	1856
Polr1d	618	1020	1196
Pomp	228	654	1579
Uspl1	388	3658	3827
Hmgb1	155	803	2838
Hsph1	262	2839	3802
N4bp2l2	112	1840	8982
Rfc3	90	1161	1317
Peg10	370	3388	6662
Slc25a13	163	2194	3121
Sem1	104	317	1472
Mios	289	2917	3710
Asns	184	1870	2016
Rpa3	75	441	670
Ndufa4	118	367	610
2610001J05Rik	200	380	3177
Capza2	139	1000	2537
Lsm8	154	445	807
Fam3c	213	897	2826
Ndufa5	467	818	875
Arf5	129	672	1116
Snd1	217	2950	3482
Rbm28	398	2651	4465
Impdh1	294	1839	2600
Calu	109	1057	3229
Atp6v1f	99	459	703
Tnpo3	402	3174	4251
Nrf1	251	1856	1879
Zc3hc1	21	1527	1824
Klhdc10	98	1418	5901
Tmem209	96	1782	3485
Mest	260	1268	2561
Chchd3	180	864	1550
Akr1b3	73	1024	1387
Cald1	296	1901	4127
Nup205	202	6229	6412
1810058I24Rik	114	258	2521
Mtpn	278	635	3960
Fmc1	50	392	479
Mkrn1	179	1625	3046
Ndufb2	41	359	4371
Mrps33	151	472	1107
Agk	365	1631	2531
Ssbp1	147	594	4398
Zyx	93	1788	3188
Cul1	325	2656	3161
Ezh2	144	2385	2787
Pdia4	126	2052	2399
Zfp777	12	2670	3111
Malsu1	71	758	2819
Tra2a	157	1006	1799
Mpp6	189	1809	2418
Cycs	131	449	3123
Hnrnpa2b1	169	1195	1662
Snx10	157	763	2480
Cbx3	239	791	1889
Hibadh	141	1149	1825
Tax1bp1	134	2579	3285
Znrf2	100	817	5886
Ggct	115	682	3960
Gars	35	2225	2380
Lsm5	24	300	494
Fkbp9	148	1861	3009
Nt5c3	123	1119	1676
Smarcad1	403	3469	5168
Mad2l1	137	755	7557
Gadd45a	162	660	1223
Kdm3a	220	4192	4853
Serbp1	473	1697	15474
Mrpl35	52	619	3721
Immt	140	2414	2728
Ptcd3	10	2068	2581
Polr1a	102	5256	9216
Usp39	35	1730	2244
Rnf181	67	565	1434
Vamp8	227	533	820
Mat2a	122	1310	2804
Capg	242	1292	1400
Retsat	153	1983	3027
Tcf7l1	302	2060	3042
Kcmf1	350	1496	3251
Tmsb10	290	425	690
Suclg1	275	1316	1519
Mrpl19	31	910	5000
Pole4	90	447	1769
Gm20594	335	449
Hk2	474	3228	5513
Htra2	145	1522	1725
Aup1	175	1495	1769
Mogs	85	2590	2780
Mthfd2	77	1130	2085
Mob1a	238	889	4412
Bola3	55	388	2312
Spr	21	810	1230
Smyd5	16	1267	2486
Dusp11	132	1098	6435
Cct7	608	2243	2441
Fam136a	87	504	1643
Snrpg	279	510	1055
Snrnp27	42	510	885
Pcbp1	406	1477	1830
Nfu1	305	1076	1195
Isy1	152	1010	5837
Copg1	222	2847	4140
Cnbp	217	754	2178
Hmces	207	1269	1572
H1f10	281	848	1217
Rab7	206	830	2159
Rpn1	49	1876	3633
Ruvbl1	119	1490	1675
Sec61a1	213	1644	3172
Mcm2	130	2845	3371
Chchd6	107	929	1121
Chchd4	209	629	3472
Lsm3	130	439	743
Mrps25	60	576	6073
Trh	111	882	1384
Suclg2	25	1327	3367
Uba3	95	1484	2257
Arl6ip5	132	699	1442
Rybp	208	895	4503
Shq1	96	1806	6816
Ppp4r2	262	1516	4874
Trnt1	117	1422	2283
Bhlhe40	284	1520	3113
Arl8b	156	717	4443
Thumpd3	198	1716	2163
Setd5	464	4790	6755
Tada3	586	1885	2848
Arpc4	91	598	2270
Rpusd3	22	1057	1269
Jagn1	140	692	1201
Brk1	7	235	1095
Sec13	96	1065	1353
Tamm41	92	1106	1168
Tsen2	85	1468	2106
Raf1	426	2373	3070
Washc2	90	4095	4307
Rpl32	451	859	906
Adipor2	373	1534	4184
Fbxl14	192	1395	2963
Hnrnpf	538	1786	2401
Wnk1	1040	8174	10575
Atp6v1e1	173	854	1312
Bcl2l13	169	1474	6925
Bid	174	762	2189
M6pr	472	1309	2539
Phc1	437	3470	4213
Gdf3	121	1222	2125
Dppa3	113	566	833
Nanog	215	1133	2211
Slc2a3	355	1837	3959
Necap1	95	923	2476
Pex5	75	1995	3148
Lpcat3	182	1646	2281
Emg1	135	870	1034
Grcc10	403	784	863
Phb2	101	1001	1318
Tpi1	174	924	1607
Usp5	89	2666	3213
Cdca3	614	1415	1976
Ptms	342	648	1149
Mlf2	183	927	1475
Cops7a	207	1035	1817
Chd4	359	6107	6697
Nop2	100	2485	2597
Ncapd2	223	4402	4629
Mrpl51	190	577	3427
Cd9	152	833	1228
Ndufa9	13	1147	1445
Rad51ap1	77	1091	1871
Tigar	83	893	3651
Rhno1	656	1364	2015
Foxm1	198	2472	4652
Gapdh	240	1242	1420
Gabarapl1	287	641	1820
Magohb	79	526	767
Fkbp4	167	1544	2217
Ybx3	183	1269	1853
Ddx47	30	1398	1764
Gprc5a	136	1207	2083
H2aj	96	486	1831
Wbp11	259	2185	2739
Dera	50	1007	1729
Strap	277	1330	2650
Ldhb	111	1116	1304
Etnk1	251	1343	6433
Bcat1	43	1405	7833
Kras	202	769	4678
Tm7sf3	136	1834	3241
Med21	64	499	814
Ppfibp1	316	3226	4851
Mrps35	31	994	4162
Ergic2	442	1576	4174
Sinhcaf	305	971	2785
Resf1	586	5152	6066
AU018091	74	2129	3449
Myadm	309	1272	4028
Ndufa3	25	280	515
Prpf31	80	1580	3144
Cnot3	283	2539	2822
Mboat7	786	2208	2878
Tsen34	129	1068	1365
Cdc42ep5	497	950	1025
Ppp6r1	545	3116	3862
Rps9	300	885	914
Hspbp1	269	1343	1593
Kmt5c	744	2151	2774
Cox6b2	188	455	585
Tmem238	114	645	1375
Ube2s	425	1097	1238
Rpl28	133	547	1106
Fiz1	194	1697	2653
U2af2	43	1471	2088
Epn1	439	2167	2565
Peg3	364	5080	8694
Zfp110	440	2939	3591
Rps5	134	749	794
Zbtb45	119	1682	3908
Chmp2a	219	888	949
Trim28	567	3072	3245
Ube2m	544	1096	1472
Lig1	226	3025	3174
Selenow	122	389	736
Nop53	21	1476	3176
Napa	219	1107	2517
Sae1	35	1088	1875
Tmem160	184	751	815
Arhgap35	713	5213	9147
Ap2s1	126	555	836
Slc1a5	561	2229	2764
Strn4	464	2747	3535
Calm3	271	721	2290
Ppp5c	103	1603	2072
Dmwd	43	2041	2494
Snrpd2	171	528	1420
Vasp	299	1427	2215
Ercc1	426	1323	1375
Cd3eap	72	1272	2239
Gemin7	300	690	1023
Zfp296	95	1433	1530
Relb	196	1873	2209
Clptm1	28	2023	4143
Apoc1	170	437	532
Apoe	201	1137	1408
Tomm40	171	1257	1646
Nectin2	271	1864	2735
Bcam	77	1946	2429
Bcl3	93	1440	1850
Zfp428	439	1009	1159
Xrcc1	535	2431	2528
Gm9844	65	200	485
Arhgef1	96	3036	3375
Rabac1	172	730	899
Rps19	297	735	774
Gsk3a	191	1664	2260
Pafah1b3	162	861	901
Dmac2	957	1731	2387
Bckdha	241	1582	1899
Exosc5	45	753	1680
Hnrnpul1	122	2702	3784
Egln2	349	1609	2107
Snrpa	303	1167	1365
Ltbp4	125	5126	5386
Shkbp1	63	2178	2358
Blvrb	140	761	1028
Sertad1	172	883	1233
Pld3	532	1999	2297
2310022A10Rik	197	1439	2701
Akt2	413	1859	4544
Psmc4	83	1340	1440
Eid2	74	785	1392
Fbl	99	1083	1197
Timm50	40	1102	1515
Supt5	280	3529	3755
Med29	45	645	1281
Samd4b	260	2324	4391
Pak4	286	2068	2899
Rps16	152	593	1109
Mrps12	235	655	883
Nfkbib	218	1298	2061
Hnrnpl	558	2319	2679
Ech1	144	1128	1267
Actn4	157	2956	3530
Eif3k	82	739	774
Psmd8	56	1118	1540
Yif1b	38	974	1111
Spint2	295	1054	1384
Capns1	228	1035	1600
Tbcb	579	1314	1416
Polr2i	398	776	819
Alkbh6	143	860	982
Aplp1	67	2032	2343
Psenen	272	578	708
Upk1a	141	915	1421
Cox6b1	109	370	618
Rbm42	240	1677	1784
Tmem147	120	795	870
Usf2	46	1087	2419
Lsr	291	2076	2167
Wtip	209	1406	1962
Pdcd2l	18	1113	1295
Uba2	65	1982	2579
Gpi1	123	1800	2884
Lsm14a	209	1598	2944
Pepd	59	1541	1881
Nudt19	500	1574	2298
Pdcd5	150	531	684
Uri1	322	1918	3441
Ccne1	242	1469	2000
Pop4	270	936	2113
2610021A01Rik	345	2850	4004
Zfp141	408	2466	4069
Etfb	65	833	893
2410002F23Rik	2561	3416	4201
Emc10	114	921	1855
Pold1	93	3411	3454
Nr1h2	289	1630	1999
Zfp473	383	3062	3800
Nup62	472	2053	2722
Akt1s1	297	1071	1757
Ptov1	267	1518	1883
Med25	27	2433	3693
Ap2a1	150	3084	3449
Prmt1	250	1366	1508
Irf3	269	1529	2031
Scaf1	290	4061	4293
Rras	55	712	995
Nosip	81	987	1814
Rps11	128	605	661
Gm45713	112	1453	1477
Pih1d1	231	1104	1185
Tead2	1367	2705	3396
Rpl13a	47	659	1047
Ruvbl2	700	2092	2312
Bax	123	702	867
Nucb1	94	1474	4853
Ftl1	253	805	968
Hsd17b14	86	908	1400
Bcat2	223	1405	1772
Cyth2	195	1395	2519
Grwd1	80	1421	1974
Rpl18	2375	2942	2989
Kdelr1	239	878	1599
Nomo1	134	3779	4257
Saal1	48	1473	4728
Gtf2h1	201	1845	2736
Tsg101	107	1283	1949
Ldha	282	1281	1766
Prmt3	131	1718	2507
Cyfip1	238	4000	6440
Snrpn	615	1338	2076
Mphosph10	74	2120	2248
Nsmce3	79	919	5946
Snrpa1	273	1041	1248
Selenos	65	638	1191
Mrpl46	61	913	1134
Mrps11	240	816	1056
Det1	167	1820	2269
Aen	152	1163	4956
Mfge8	93	1485	2125
Polg	453	4107	7837
Ap3s2	72	654	5813
Zfp710	201	2202	5871
Idh2	116	1475	1745
Cib1	253	829	1047
Ngrn	45	927	1317
Prc1	131	1952	3026
Unc45a	100	2935	3260
Blm	81	4332	4598
Iqgap1	221	5195	7444
Wdr73	44	1160	2114
Sec11a	328	868	1345
Ramac	159	519	1452
Rps17	50	458	494
Btbd1	40	1507	3001
Tlnrd1	1084	2173	4433
Mesd	290	965	4492
Abhd17c	49	1012	2238
Zfand6	229	901	2955
Ctsc	118	1507	2493
Hikeshi	206	800	2224
Eed	458	1784	2067
Picalm	358	2341	8209
Crebzf	286	1363	3376
Tmem126a	165	756	799
Ndufc2	186	549	683
Ints4	141	3036	3240
Clns1a	96	822	1504
Pak1	231	1866	3065
Thap12	287	2564	3723
Serpinh1	276	1530	2274
Spcs2	100	781	2909
Pold3	142	1528	3069
Ucp2	388	1318	3988
Mrpl48	92	728	4285
Rps3	117	849	1908
Rab6a	638	1265	3214
Stard10	353	1229	1400
Clpb	178	2212	4627
Folr1	412	1180	1313
Anapc15	45	411	650
Lamtor1	95	581	1119
Numa1	178	6463	7180
Nup98	187	5638	6694
Rrm1	330	2709	3997
Trim6	140	1607	3827
Arfip2	214	1240	3275
Timm10b	537	840	3273
Rrp8	385	1759	3053
Ilk	173	1532	1795
Taf10	43	700	4281
Tpp1	48	1737	3558
Mrpl17	118	649	7300
Rbmxl2	65	1223	1472
Eif3f	15	1101	2514
Akip1	93	732	1028
Tmem9b	101	701	1703
Dennd5a	288	4152	5004
Tmem41b	369	1245	3840
Rpl27a	73	520	1158
Ipo7	151	3268	4763
Wee1	304	2245	3419
Usp47	204	4275	5540
Rras2	278	893	2275
Copb1	165	3027	3346
Psma1	115	907	1201
1110004F10Rik	162	708	1479
Rps13	88	544	589
Rps15a	58	451	5179
Arl6ip1	158	770	2171
Coq7	105	759	914
Gde1	128	1124	1582
Knop1	364	1963	5524
Thumpd1	57	1110	2689
Uqcrc2	114	1476	1896
Polr3e	161	2294	4194
Mettl9	366	1323	1823
Gga2	134	1946	4915
Ubfd1	108	1215	4849
Ndufab1	64	535	3479
Dctn5	93	642	1532
Plk1	104	1916	2199
Tnrc6a	147	5838	8183
Lcmt1	167	1166	1369
Nsmce1	153	996	1120
Xpo6	507	3882	4455
Spns1	373	1960	2219
Tufm	87	1446	1679
Atxn2l	245	3395	3853
Nupr1	242	485	829
Sgf29	191	1073	1312
Eif3c	104	2840	3383
Bola2	601	862	1266
Mapk3	45	1188	1800
Ppp4c	182	1106	1400
Ino80e	53	788	1973
Hirip3	480	2286	2766
Aldoa	231	1326	1511
Cdipt	850	1492	1974
Mvp	101	2714	2837
Maz	107	1589	2650
Kif22	70	2053	2115
Cd2bp2	95	1124	3284
Tbc1d10b	105	2502	3614
Mylpf	153	663	766
Zfp771	344	1298	1484
Dctpp1	86	599	676
Sephs2	136	1495	2177
Bcl7c	406	1060	1132
Setd1a	693	5844	6487
Bckdk	256	1495	3405
Kat8	16	1393	1579
Fus	108	1665	5536
Pycard	214	796	3800
Tial1	516	1695	4451
Mcmbp	305	2234	4237
Nsmce4a	107	1253	1435
Pstk	33	1113	1135
Bub3	233	1214	2218
Oat	140	1460	2152
Eef1akmt2	65	800	1107
Ctbp2	433	1771	2321
Bccip	25	976	1244
Dhx32	413	2669	2955
Mki67	222	9756	10061
Glrx3	60	1074	1685
Ppp2r2d	150	1512	2081
Tubgcp2	207	2925	2960
Zfp511	42	795	1076
Utf1	85	1105	1227
Fuom	50	512	685
Echs1	82	955	1557
Paox	69	1584	4655
Mtg1	101	1082	1595
Urah	342	699	890
Psmd13	504	1635	1989
Ifitm2	72	507	655
Ifitm1	362	683	882
Ifitm3	125	539	678
Ptdss2	116	1538	3624
Rnh1	570	1941	2091
Hras	162	732	2828
Phrf1	125	5174	5248
Gatd1	71	734	1898
Taldo1	23	1037	1229
Cd151	327	1089	1865
Rplp2	339	687	964
Polr2l	10	214	1650
Tspan4	275	992	1466
Ctsd	234	1467	2127
Mrpl23	166	607	692
Cd81	262	973	1533
Tssc4	382	1336	1519
Phlda2	51	486	757
Nap1l4	68	1196	2285
Cars	84	2580	3222
Dhcr7	507	1923	2815
Cttn	415	2056	3286
Fgf4	119	728	3030
Ccnd1	176	1064	3740
Camsap3	519	4278	4450
Xab2	38	2606	2677
Stxbp2	213	1995	2908
Trappc5	2514	3081	4411
Snapc2	42	1122	1536
Ctxn1	242	491	1212
Timm44	26	1385	1790
Elavl1	544	1525	5743
Zfp958	109	1513	2364
Shcbp1	31	2038	2156
Arglu1	204	1020	3197
Naxd	81	1065	1307
Cars2	106	1765	1902
Ing1	844	1684	2814
Ankrd10	137	1385	2285
Pcid2	649	1849	2860
Cul4a	135	2415	3728
Grtp1	93	1122	3013
Lamp1	228	1449	2229
Tfdp1	119	1352	2511
Cdc16	131	1994	2301
Champ1	217	2626	4013
Coprs	33	555	793
Tdrp	135	684	2463
Agpat5	283	1381	10779
Ckap2	27	2022	2593
Vps36	62	1223	3574
Slc25a15	218	1124	3430
Mrps31	105	1260	1515
Slc20a2	403	2374	3566
Polb	44	1052	1201
Vdac3	77	929	1354
Gpat4	860	2231	5518
Gins4	214	886	1349
Golga7	237	651	1945
Tm2d2	158	800	1281
Plekha2	366	1644	5176
Fgfr1	759	3228	5025
Bag4	116	1490	4876
Lsm1	384	786	2663
Ash2l	30	1902	3307
Fnta	70	1204	1930
Brf2	106	1369	1899
Eif4ebp1	80	434	1997
Mak16	85	976	1902
Ppp2cb	292	1222	1469
Gsr	302	1805	2673
Gtf2e2	181	1060	1664
Rbpms	264	927	1039
Dctn6	355	928	1249
Leprotl1	333	729	2879
Saraf	81	1173	1897
Eri1	166	1204	5079
Dlc1	348	3627	6159
Tusc3	218	1262	1535
Cnot7	1173	2031	2982
Mtmr7	55	2038	2488
Pcm1	210	6288	6624
Asah1	189	1374	2773
Frg1	113	890	1039
Fat1	193	13966	14814
Zfp42	437	1304	1837
Ufsp2	84	1470	1640
Slc25a4	362	1259	1925
Cenpu	59	1292	2931
Casp3	226	1060	2601
Rwdd4a	256	823	2921
Wwc2	355	3919	8678
Dctd	297	852	2096
Spcs3	93	636	3466
Cep44	361	1522	1690
Sap30	294	957	1178
Hmgb2	123	756	2628
Hpf1	38	1079	1191
Msmo1	315	1197	2044
Tmem192	122	923	1122
Apela	234	399	975
Tma16	105	771	4328
Naf1	150	1944	2990
Ints10	91	2224	4201
Atp6v1b2	147	1683	2825
Zfp869	814	2404	6080
Atp13a1	92	3695	3915
Ndufa13	775	1210	1251
Mau2	49	1906	5369
Gatad2a	545	2438	3812
Sugp1	234	2166	2681
Nr2c2ap	215	638	1161
Armc6	363	1770	2263
Ddx49	52	1495	2137
Cope	289	1216	1300
Upf1	285	3660	4618
Rex1bd	19	529	671
Kxd1	125	824	884
Uba52	255	642	711
Fkbp8	213	1425	1799
Isyna1	148	1822	1914
Ssbp4	134	1226	1475
Lsm4	207	624	925
Mpv17l2	40	643	980
Jund	109	1135	1668
Pik3r2	482	2651	3165
Ccdc124	488	1142	1356
Map1s	72	2994	3314
Haus8	64	1183	1452
Myo9b	151	6037	7082
Use1	137	950	973
Nr2f6	689	1862	2218
Babam1	210	1212	1433
Abhd8	180	1500	1978
Rpl18a	36	567	1260
Mrpl34	44	323	607
Dda1	124	433	1933
Gtpbp3	685	2164	2800
Bst2	29	548	792
Mvb12a	44	860	1062
Pgls	41	815	893
Colgalt1	202	2056	3207
Tpm4	93	840	2158
Rab8a	159	783	4550
Fam32a	57	396	2564
Ap1m1	184	1456	2084
Eps15l1	23	2747	3129
Klf2	45	1110	1847
Cherp	144	2961	3646
Med26	304	2071	2997
Smim7	59	287	2892
Sin3b	22	3319	4115
Hmgxb4	467	2252	4191
Tom1	71	1550	2267
Hmox1	129	999	1569
Mcm5	61	2266	3381
Prmt9	151	2692	2781
Rbmxl1	251	1418	1695
Lsm6	203	446	3792
Otud4	288	3612	7354
Anapc10	136	694	4591
Abce1	225	2025	3793
Smarca5	401	3557	6113
Gab1	893	2981	4870
Zfp330	116	1067	1675
Scoc	10	388	1791
Ndufb7	148	562	623
Tecr	123	1050	1158
Dnajb1	139	1162	2996
Gipc1	95	1097	1522
Ddx39	70	1354	3836
Asf1b	322	931	1788
Prkaca	194	1250	2276
Samd1	171	1731	2265
Misp3	474	1095	1351
Dcaf15	15	1818	2199
D8Ertd738e	16	301	616
Mri1	64	1174	2819
Cacna1a	281	7388	7926
Ier2	103	769	1524
Nacc1	236	1781	4344
Trmt1	531	2523	2567
Gadd45gip1	769	1438	2494
Rad23a	76	1165	2074
Calr	136	1387	2184
Farsa	46	1573	1826
Syce2	128	644	1686
Rnaseh2a	962	1868	2981
Junb	289	1324	1809
Prdx2	266	863	1612
Hook2	91	2242	2580
Asna1	16	1063	1256
Trir	76	598	902
Tnpo2	137	2831	4884
Fbxw9	73	1450	1907
Dhps	90	1200	1333
Wdr83os	274	595	922
Vps35	345	2736	3474
Orc6	137	926	1287
Gpt2	136	1705	3639
Itfg1	183	2016	3306
Dnaja2	97	1336	2919
N4bp1	239	2921	6469
Cnep1r1	76	454	1731
Heatr3	165	2205	3251
Tent4b	134	2177	4624
Brd7	240	2196	3625
Chd9	854	9464	12008
Aktip	249	1128	2200
Fto	51	1560	3564
Amfr	381	2301	3880
Nudt21	139	823	5010
Mt3	193	400	536
Mt2	184	370	511
Nup93	97	2557	2928
Herpud1	154	1330	1952
Mt1	229	415	549
Fam192a	609	1374	2873
Arl2bp	264	756	2063
Coq9	101	1043	1789
Ciapin1	136	1066	4359
Polr2c	106	934	1580
Katnb1	375	2352	3777
Usb1	78	882	1758
Cfap20	298	880	1295
Csnk2a2	333	1386	6779
Setd6	56	1478	1707
Cnot1	303	7434	8390
Cdh11	1037	3428	5647
Cklf	157	616	667
Got2	242	1535	2530
Nae1	73	1678	1808
Ciao2b	275	767	918
Cbfb	302	866	2883
D230025D16Rik	278	1547	2916
E2f4	78	1311	1993
Tmem208	115	637	785
Atp6v0d1	135	1191	1629
Ctcf	268	2479	3782
Cenpt	71	1619	1814
Thap11	229	1147	1819
Nutf2	152	536	948
Edc4	126	4299	4645
Psmb10	434	1256	1311
Dus2	88	1570	1860
Ddx28	458	2081	2262
Nfatc3	258	3489	5984
Slc7a6	134	1682	3750
Slc7a6os	20	941	1246
Prmt7	248	2327	3472
Cdh1	144	2799	4430
Utp4	64	2125	2232
Vps4a	249	1563	2178
Pdf	16	712	1306
Cog8	34	1957	4476
Nip7	58	601	3036
Cyb5b	72	513	4316
Nqo1	134	959	1553
Nob1	21	1233	1658
Wwp2	92	2705	4314
Dhx38	388	4075	4463
Psmd7	112	1078	1581
Dhodh	251	1439	2039
Ist1	92	1181	2304
Ap1g1	412	2890	6899
Vac14	291	2640	3069
Sf3b3	169	3823	4525
Cog4	17	2375	2737
Ddx19a	77	1514	2547
Aars	383	3290	5750
Rfwd3	42	2367	4443
Znrf1	960	1644	4600
Zfp1	148	1360	1811
Bcar1	109	2734	3142
Cfdp1	84	972	1178
Tmem231	115	1063	2984
Gabarapl2	116	470	1677
Kars	55	1843	2008
Cmc2	131	371	1459
Cenpn	168	1182	1768
Atmin	34	2491	4877
Gcsh	111	624	1443
Mphosph6	41	527	1068
Hsbp1	88	319	1208
Mbtps1	554	3713	4336
Taf1c	89	2600	3236
Cotl1	144	573	1596
Usp10	559	2941	3726
Gins2	289	847	3900
Gm27021	101	572	758
Emc8	143	767	4942
Fbxo31	51	1575	4358
Cox4i1	155	665	765
Map1lc3b	164	542	2532
Klhdc4	89	1844	2078
Slc7a5	88	1627	3517
Zc3h18	206	3125	3810
Cyba	63	642	744
Mvd	56	1262	1756
Ctu2	85	1630	3066
Piezo1	291	7932	8216
Cdt1	41	1715	2189
Aprt	58	601	849
Trappc2l	15	435	1659
Ankrd11	194	8126	8455
Spg7	348	2694	2896
Chmp1a	88	679	2140
Spire2	52	2209	2330
Tcf25	49	2080	2738
Tubb3	182	1535	1868
Def8	148	1495	3191
Afg3l1	7	2377	4227
Rpl13	102	738	780
Nup133	89	3557	5808
Taf5l	212	1982	2973
Urb2	79	4654	5853
2310022B05Rik	186	1155	3307
2810004N23Rik	148	994	2340
Gnpat	205	2242	2984
Egln1	270	1473	3594
Tsnax	200	1073	2391
Kcnk1	290	1301	2235
Coa6	172	412	747
Irf2bp2	550	2263	5080
Rbm34	32	1361	3424
Tomm20	116	554	4902
Itgb1	306	2703	3815
Aasdhppt	31	961	2843
Dcun1d5	277	991	2421
Yap1	198	1617	4115
Mtmr2	911	2843	3788
Cep57	233	1655	2467
Cwc15	173	863	1111
Mre11a	182	2303	3286
Med17	138	2088	3964
Taf1d	96	1065	1148
Chordc1	272	1268	5789
Ubl5	1587	1809	2114
Ppan	125	1538	1670
Pin1	45	543	3843
Eif3g	60	1023	1101
Dnmt1	192	5055	5367
S1pr2	224	1283	6394
Mrpl4	203	1088	1288
Icam1	50	1664	2535
Fdx2	38	563	812
Raver1	31	2278	3470
Cdc37	125	1265	7851
Atg4d	190	1615	5951
Ilf3	324	3021	3549
Qtrt1	18	1230	1316
Tmed1	76	760	1378
Carm1	114	1941	3220
Smarca4	260	5105	6354
Ldlr	295	2884	4627
Spc24	25	631	1366
Tmem205	258	828	862
Prkcsh	347	1913	2228
Ecsit	290	1598	1676
Elof1	246	498	1053
Pigyl	331	547	695
Anln	201	3567	4605
Rp9	147	789	1134
Herpud2	854	2069	2781
Septin7	188	1502	2516
Thyn1	294	975	1107
St14	227	2795	3259
Aplp2	64	2320	3634
Dcps	93	1110	1274
Srpr	134	2045	2993
Foxred1	89	1571	2232
Chek1	513	1944	3797
Stt3a	169	2287	5867
Ei24	338	1361	2309
Msantd2	3	1683	2291
Tbrg1	168	1389	1984
Rnf26	555	1830	2724
H2ax	68	500	1384
Hmbs	186	1272	1605
Hyou1	176	3176	4489
Trappc4	299	959	1220
Hspa8	370	2311	2394
Rps25	616	994	1280
Arcn1	173	1709	4072
Ift46	396	1302	4169
Atp5l	81	393	544
Tagln	237	843	1595
Sidt2	352	2851	4248
Zpr1	133	1513	2984
Rexo2	58	772	1077
Rbm7	47	845	1773
Usp28	16	3172	4133
Rpl10	1	28	673
Sdhd	23	503	1231
Timm8b	46	298	518
Dlat	314	2243	4035
Ppp2r1b	61	2038	3647
Fdx1	79	646	875
Rdx	378	2130	4380
Ddx10	50	2678	3128
Acat1	107	1382	3405
Idh3a	6	1107	2403
Crabp1	154	568	802
Wdr61	190	1108	1290
Ireb2	89	2981	5770
Psma4	138	924	1165
Fbxo22	127	1336	2112
Etfa	174	1176	1392
Rcn2	195	1158	2024
Tspan3	195	957	1716
AC159819.1	157	829	988
Imp3	32	587	924
Commd4	57	657	858
1700017B05Rik	235	3307	4152
Rpp25	211	811	1423
Cox5a	49	490	645
Csk	721	2074	2749
Clk3	343	2260	2496
Ubl7	167	1310	1426
Pml	96	2754	4481
Cd276	611	1562	3603
Adpgk	76	1567	2484
Arih1	267	1935	6971
Hexa	184	1771	1996
Pkm	295	1891	2432
Kif23	152	3014	3398
Anp32a	172	916	2113
Fem1b	629	2513	6785
Rplp1	114	459	499
Snapc5	57	366	1228
Map2k1	339	1521	2436
Tipin	50	887	1841
Rab11a	135	786	2336
Hacd3	150	1239	2709
Clpx	227	2132	2885
Rpl4	56	1316	1538
Pdcd7	38	1493	2419
Mtfmt	32	1193	2042
Spg21	232	1159	2680
Rbpms2	270	891	1987
Oaz2	198	768	1843
Pclaf	192	525	2188
Snx1	121	1687	2073
Ppib	35	686	892
Ciao2a	236	719	1240
Rps27l	89	344	499
Tpm1	274	1129	1898
Anxa2	137	1157	1447
Bnip2	281	1262	2464
Gtf2a2	429	759	1034
Ccnb2	107	1304	1531
Sltm	50	3146	3691
Polr2m	139	1240	2200
Tcf12	294	2415	6299
Zfp280d	192	3117	4387
Pigbos1	219	393	496
Nedd4	211	2875	5499
Rsl24d1	55	547	1543
Arpp19	199	538	4046
Mapk6	776	2939	4089
Tmod3	199	1258	3667
Gclc	275	2189	3423
Elovl5	171	1071	2782
Gsta4	138	807	977
Ooep	197	692	2138
Dppa5a	78	435	619
Senp6	621	4020	5111
Cox7a2	221	473	659
Ibtk	568	4627	5650
Pgm3	100	1729	2666
Cyb5r4	165	1752	2644
Syncrip	516	2205	9450
Morf4l1	140	1229	1882
Plscr1	625	1612	2302
Plod2	237	2451	3649
Dipk2a	206	1499	3950
U2surp	33	3123	7630
Pcolce2	193	1438	4438
Atp1b3	288	1125	1994
Rnf7	93	435	1232
Slc25a36	206	1142	5227
Rbp1	2018	2426	2652
Copb2	90	2808	3050
Mrps22	16	1096	1197
Faim	162	702	1019
Dbr1	130	1783	2261
Nck1	158	1292	4476
Stag1	422	4199	6186
Eef1a1	120	1509	1794
Amotl2	297	2616	4328
Ryk	139	1924	2505
Topbp1	164	4712	5224
Cdv3	472	1318	3387
Mrpl3	182	1229	3972
Wdr82	291	1233	3747
Twf2	152	1202	1596
Alas1	891	2820	3399
Acy1	202	1429	1529
Abhd14a	347	1094	1262
Rpl29	131	614	733
Pcbp4	230	1442	2035
Rrp9	79	1507	1586
Tex264	685	1615	1896
Dcaf1	4521	4967
Manf	81	621	2247
Mapkapk3	405	1560	2816
Hyal2	329	1751	2062
Ifrd2	247	1573	2056
Gnai2	150	1218	2215
Rbm5	161	2609	3205
Rbm6	915	3876	3999
Traip	119	1532	2706
Dag1	355	3037	5662
Amt	66	1278	2082
Rhoa	502	1084	2197
Usp4	65	2954	3662
Gpx1	259	865	1072
Usp19	430	4513	4791
Qars	377	2705	2800
Qrich1	272	2606	3331
Ndufaf3	507	1065	1487
Dalrd3	25	1642	1746
Impdh2	248	1793	1858
Wdr6	146	3524	4163
Arih2	305	1784	3924
Prkar2a	314	1523	4965
Uqcrc1	86	1529	1653
Tma7	245	440	944
Nme6	157	727	1074
Cdc25a	411	1956	3632
Map4	500	3878	6091
Dhx30	968	4553	4623
Smarcc1	137	3452	5717
Elp6	123	924	1304
Ptpn23	96	5175	5346
Setd2	82	7696	8350
Tdgf1	315	831	1932
Pdcd6ip	152	2762	5951
Crtap	76	1279	1674
Cnot10	134	2369	2853
Dync1li1	92	1664	2601
Cmtm6	63	615	3383
Cmtm7	47	551	993
Rps27rt	32	287	374
Stt3b	365	2837	4221
Cmc1	142	463	1169
Oxsr1	353	1937	4647
Acaa1a	221	1496	1762
Csrnp1	129	1881	2956
Eif1b	320	662	1035
Rpsa	175	1063	1938
Rpl14	95	749	1009
Ss18l2	74	308	577
Ctnnb1	287	2633	3623
Higd1a	873	1161	2232
Zfp105	247	1822	2010
Exosc7	51	927	1053
Lars2	199	2908	3894
Akap12	139	5194	6195
Armt1	204	1524	2429
Fbxo5	263	1529	1940
Lrp11	235	1687	3386
Pcmt1	858	2491
Nup43	59	1202	1286
Ppil4	60	1539	3471
Tab2	516	2598	4380
Utrn	89	10382	12382
Sf3b5	3280	3541	3841
Ltv1	138	1551	2297
Vta1	99	1029	1974
Cited2	713	1523	2411
Abracl	228	474	846
Reps1	23	2411	2595
Bclaf1	250	2863	5307
Hbs1l	101	2150	2733
Sgk1	84	1380	2456
Cenpw	80	341	1532
Hddc2	32	632	858
Tpd52l1	67	643	827
Rwdd1	186	918	1090
Rps12	157	556	584
Dse	689	3566	4389
Amd2	333	1338	3218
Hdac2	208	1675	2005
Marcks	385	1315	4048
Rpf2	61	982	1296
Gtf3c6	12	696	2526
Amd1	330	1335	3206
Fig4	208	2932	3282
Cd164	121	715	2922
Snx3	300	789	1401
Mtres1	41	764	860
Cd24a	85	316	1816
Prep	128	2261	10933
Nus1	195	1089	4605
Asf1a	238	853	2201
Gja1	313	1462	3182
Hsf2	113	1667	2604
Serinc1	135	1497	2880
Ranbp2	58	9220	9608
Ddit4	198	888	1755
Anapc16	205	538	1852
Ascc1	114	1185	1473
Psap	115	1789	2657
Sgpl1	169	1876	4102
Pald1	268	2848	4282
Nodal	328	1393	2095
Eif4ebp2	115	478	5784
Ppa1	176	1046	1364
Sar1a	120	717	2613
Tysnd1	57	1764	2286
Supv3l1	53	2393	2604
Vps26a	145	1129	2597
Kifbp	80	1934	2472
Ddx50	107	2312	2535
Ddx21	67	2623	4722
Ccar1	76	3517	4352
Tet1	6024	13986
Dna2	67	3256	4122
Sirt1	585	2799	4430
Jmjd1c	7593	8382
Nrbf2	179	1043	1813
Ado	295	1066	4558
Cdk1	129	1023	4375
Tfam	340	1072	4167
Cisd1	200	527	1084
Zwint	24	783	2676
Snrpd3	596	977	3036
Ddt	91	448	649
Smarcb1	222	1380	1660
Mif	72	420	544
Chchd10	918	1335	1488
Mcm3ap	394	6310	6427
Col18a1	270	5595
Fam207a	45	705	2394
Sumo3	224	557	2630
Pfkl	124	2467	3730
Dnmt3l	283	1549	1822
Pwp2	61	2821	3872
Agpat3	340	1471	5980
Rrp1	91	1576	1984
Cstb	123	420	603
Mier2	9	1629	2562
Tpgs1	912	1101
Cdc34	219	927	1266
Bsg	18	1188	1526
Rnf126	125	1067	1639
Palm	164	1316	2651
Ptbp1	287	1955	3110
Wdr18	11	1307	3911
Tmem259	199	1924	2225
Cnn2	94	1012	2460
Polr2e	156	789	1148
Stk11	815	2126	2566
Gpx4	144	738	959
Atp5d	635	1142	1410
Midn	474	2001	3727
Pwwp3a	331	2380	2640
Ndufs7	248	923	983
Dazap1	166	1384	2081
2310011J03Rik	225	555	1649
Rps15	28	466	500
Mbd3	319	1177	1662
Uqcr11	85	256	445
Tcf3	385	2332	2950
Rexo1	140	3782	5250
Klf16	121	877	2674
Abhd17a	351	1284	1468
Csnk1g2	316	1564	1825
Btbd2	541	2113	3026
Mknk2	279	1659	3439
Ap3d1	273	3873	4805
Plekhj1	452	947	1260
Sf3a2	645	2103	2213
Oaz1	74	758	1044
Lsm7	23	335	468
Timm13	226	514	1225
Lmnb2	84	1875	3370
Gadd45b	243	726	1284
Sgta	87	1035	1969
Thop1	228	2292	2832
Map2k2	232	1438	2405
Pias4	212	1736	2571
Mrpl54	44	452	604
Apba3	436	2152	2268
Cactin	108	2427	2715
Hmg20b	253	1207	1621
Fzr1	288	1770	3057
Dohh	206	1115	1444
Eef2	96	2673	3089
Ncln	129	1821	3118
Tle5	148	742	1411
1190007I07Rik	241	445	716
Tdg	157	1423	3502
Nfyb	216	840	2554
Txnrd1	366	1866	3531
1500009L16Rik	124	316	1194
Ckap4	196	1924	3089
Pwp1	112	1618	2572
Prdm4	386	2798	3962
Rtcb	116	1634	2009
Hsp90b1	154	2563	2825
Nup37	155	1136	1277
Gnptab	193	3901	5390
Arl1	493	1039	2080
Utp20	154	8524	8821
Tmpo	265	2347	3772
Slc25a3	148	1222	1612
Lta4h	99	1935	2029
Snrpf	165	426	861
Metap2	126	1563	4424
Ndufa12	90	528	1110
Socs2	462	1059	2222
Mrpl42	111	540	666
Ube2n	63	522	3867
Nudt4	389	929	3210
Ccdc59	435	1158	1813
Pawr	257	1259	1745
Csrp2	467	1049	1384
Phlda1	119	1337	1949
Krr1	129	1272	5023
Atxn7l3b	273	567	3566
Nap1l1	683	1859	3934
Tbc1d15	56	2072	3752
Cnot2	143	1766	2800
Rab3ip	202	1585	1844
Yeats4	198	882	1327
Cct2	106	1714	1959
Cpsf6	72	1728	6526
Mdm2	294	1764	3099
Nup107	94	2875	3114
Rap1b	229	784	2724
Cand1	347	4040	7766
Tmbim4	96	813	904
Llph	61	454	1664
Xpot	302	3191	6005
Usp15	80	3026	11525
Atp23	60	801	1043
Ctdsp2	521	1334	4817
Tsfm	43	1018	1206
Mettl1	47	854	1791
Tspan31	87	720	1556
Cdk4	242	1154	2053
Dctn2	112	1321	1784
Mars1	157	2866	2939
Shmt2	124	1639	2289
Prim1	77	1331	1583
Naca	111	759	885
Ptges3	331	814	2000
Baz2a	229	5893	8443
Rbms2	64	1216	1481
Spryd4	14	638	1583
Timeless	178	3772	4457
Atp5b	54	1644	1916
Cnpy2	342	891	1383
Cs	184	1579	2926
Nabp2	403	1042	1371
Myl6	64	520	665
Zc3h10	197	1505	3721
Rpl41	231	309	582
Pa2g4	160	1345	2483
Cdk2	176	1073	2240
Pym1	73	685	1158
Rps26	269	617	681
Sarnp	42	675	918
Ormdl2	133	595	1573
Cd63	310	1027	1109
Bloc1s1	89	467	550
Drg1	83	1187	1546
Eif4enif1	228	3180	3676
Patz1	621	2685	3702
Limk2	113	2030	3514
Pes1	62	1817	2911
Sf3a1	138	2514	4920
Castor1	89	1085	1574
Zmat5	71	584	792
Uqcr10	36	231	434
Nf2	551	2342	4720
Nipsnap1	55	910	1926
Thoc5	56	2108	2235
Ewsr1	245	2213	2588
Xbp1	336	1140	2129
Ccdc117	129	963	3372
Mrps24	25	529	995
Pold2	158	1568	1646
Nudcd3	281	1373	3927
Ddx56	53	1694	1956
Ogdh	87	3159	4127
Zmiz2	162	2829	3806
H2az2	104	491	1633
Ccm2	113	1475	1858
Tbrg4	231	2124	2347
Igfbp3	107	986	2421
Upp1	277	1213	1277
Fignl1	208	2260	2974
Sec61g	387	594	1862
Ppia	468	963	1170
Ppp3r1	277	790	2859
Pno1	61	808	1544
C1d	74	500	2981
Etaa1	81	2715	4185
Actr2	61	1246	3631
Rab1a	28	646	2657
Mdh1	461	1466	2122
B3gnt2	617	1811	3057
Commd1	127	694	4508
Cct4	235	1855	2484
Usp34	79	10828	12200
Xpo1	646	3862	6004
Ahsa2	176	1172	3023
Pex13	115	1333	4146
Fancl	1080	2208	2724
Pnpt1	10	2362	2707
Prorsd1	33	543	918
Rtn4	286	886	1773
Sptbn1	268	7360	8461
Rps27a	286	757	791
Psme4	257	5789	6491
Bod1	184	706	1394
Snrnp25	207	579	821
Mpg	30	1032	1737
Fbxw11	16	1708	4019
Rars	25	2008	2109
Mat2b	234	1239	1949
Hmmr	63	2448	3892
Npm1	227	1106	1633
Nudcd2	299	773	1577
Ccng1	311	1196	3512
Pttg1	293	893	948
Slu7	77	1835	3625
Ttc1	94	973	1438
Ublcp1	114	1071	2088
Rnf145	343	2335	3570
Clint1	188	2060	3398
Med7	405	1107	2547
Zfp62	296	3020	4029
Rack1	104	1058	1447
Mgat4b	308	1955	2429
Sqstm1	70	1399	2037
Canx	184	1960	4281
Hnrnph1	325	1675	2427
Hnrnpab	204	1062	2370
Rmnd5b	354	1536	1946
Nhp2	83	545	1042
0610009B22Rik	208	631	892
Sar1b	122	719	1201
Cdkn2aipnl	58	409	1832
Ube2b	148	607	1792
Ppp2ca	368	1298	7102
Skp1a	424	916	1754
Vdac1	296	1148	2022
Zcchc10	22	559	1267
Hspa4	291	2820	4618
Aff4	301	3784	10099
Uqcrq	138	387	1521
Rad50	264	4203	5153
Cdc42se2	529	784	3069
Hint1	107	488	636
Tnip1	279	2223	2973
Anxa6	113	2135	2489
Sparc	306	1215	2300
Atox1	146	353	541
Fam114a2	59	1532	2557
Sap30l	455	1004	1151
G3bp1	135	1533	6703
Cnot8	214	1093	2099
Larp1	129	3348	6617
Gemin5	86	4595	4922
Mrpl22	25	646	722
Rnf187	132	843	1949
Guk1	141	801	1078
Mrpl55	229	613	940
Arf1	323	869	1991
Snap47	124	1366	1896
Zkscan17	760	2518	4064
Mprip	331	3445	8718
Cops3	114	1386	1646
Med9	61	490	1920
Srebf1	61	3466	4299
Atpaf2	189	1086	1849
Drg2	89	1184	1788
Flii	74	3890	4060
Shmt1	381	1818	2858
Dhrs7b	81	1053	1553
Tmem11	504	1077	1457
Map2k3	190	1234	2198
Usp22	170	1748	4434
B9d1	65	680	817
Prpsap2	237	1347	1837
Zswim7	43	502	732
Cenpv	56	815	1032
Elac2	73	2569	2771
Map2k4	53	1247	3695
Adprm	160	1183	1283
Ubb	431	1349	1499
Ntn1	417	2232	5874
Myh10	299	6230	7791
Rangrf	125	683	820
Rpl26	128	566	606
Pfas	93	4107	6373
Aurkb	309	1347	1950
Tmem107	141	564	779
Trappc1	95	533	759
Naa38	245	623	671
Tmem88	9	489	1582
Trp53	157	1330	1771
Fxr2	328	2353	2951
Mpdu1	71	815	1321
Senp3	195	1902	2313
Polr2a	414	6327	6740
Eif4a1	16	1237	1774
Tmem256	41	383	492
Cldn7	531	1167	1335
Elp5	349	1252	1454
Ctdnep1	328	1063	1627
Eif5a	339	804	1437
Gabarap	570	924	1351
Phf23	243	1449	2006
Dvl2	216	2427	5037
0610010K14Rik	110	524	778
Gm21988	70	367	1621
Pelp1	16	3388	3435
Arrb2	78	1311	1848
Med11	60	414	902
Cxcl16	537	1278	2699
Psmb6	11	728	798
Slc25a11	196	1141	1711
Rnf167	582	1626	1833
Eno3	178	1483	1564
Spag7	135	819	1159
Pfn1	164	587	861
Nup88	3	2232	2389
C1qbp	76	916	1175
Txndc17	77	449	981
Ube2g1	307	820	3815
Mybbp1a	29	4064	4358
Emc6	147	480	1332
Tax1bp3	221	596	1523
Cluh	80	4142	5379
Pafah1b1	850	2083	5803
Mettl16	155	1817	12584
Tsr1	41	2453	3389
Rpa1	66	1938	5077
Prpf8	276	7284	7442
Pitpna	236	1052	3761
Myo1c	298	3385	4659
Crk	165	1080	3642
Glod4	81	978	1434
Ywhae	159	927	2100
Gemin4	177	3354	3540
Nxn	80	1388	2755
Blmh	377	1745	2497
Git1	21	2334	3512
Pipox	316	1489	1998
Flot2	133	1420	2621
Traf4	149	1562	2078
Tlcd1	178	922	1412
Rab34	558	1338	1685
Supt6	470	5651	6488
Sdf2	250	910	1268
2610507B11Rik	98	6803	7443
Rpl23a	41	512	560
Pigs	60	1728	2501
Tmem199	65	692	1347
Poldip2	119	1226	2054
Ift20	447	846	1141
Tmem97	124	655	1375
Ccnq	67	820	1224
Wsb1	279	1545	2476
Utp6	81	1875	3877
Suz12	214	2440	4373
Crlf3	79	1408	2396
Tefm	56	1151	1309
Rhot1	164	2060	3687
Zfp207	58	1546	1562
Psmd11	40	1309	2848
Ddx52	116	1913	3194
Dusp14	398	995	1571
Tada2a	147	1479	2151
Acaca	507	7545	9513
Aatf	140	1721	1822
Ggnbp2	288	2385	3034
Znhit3	25	481	998
Vmp1	123	1344	2787
Ptrh2	233	779	3132
Cltc	276	5304	6519
Dhx40	197	2537	3813
Smg8	21	2997	3218
Trim37	397	3283	5632
Supt4a	48	402	706
Dynll2	298	568	2476
Mrps23	54	588	1332
Srsf1	466	1213	5362
Akap1	221	2795	3758
Scpep1	96	1455	2097
Elobl	241	727	819
Coil	14	1736	2607
Trim25	113	2018	5590
Tom1l1	37	1462	4308
Utp18	109	1768	2613
Nme2	438	897	1012
Gm20390	77	881	991
Nme1	305	764	3181
Luc7l3	200	1676	3373
Ankrd40	253	1345	3487
Eme1	298	2011	2444
Lrrc59	238	1162	2837
Mrpl27	35	482	756
Itga3	378	3540	4861
Kat7	197	2033	3560
Slc35b1	318	1287	1523
Phb	113	932	1799
Igf2bp1	307	2041	8378
Snf8	129	906	1004
Ube2z	114	1185	3997
Atp5g1	52	463	4715
Cbx1	232	790	1251
Nfe2l1	666	2892	4654
Cdk5rap3	107	1619	2250
Mrpl10	41	830	1708
Npepps	180	2943	4215
Kpnb1	296	2927	5894
Mrpl45	158	1079	2431
Epop	421	1531	2314
Cisd3	149	563	737
Pcgf2	292	1321	2485
Psmb3	89	707	766
Lasp1	229	1021	3540
Rpl23	81	504	1059
Mien1	45	393	747
Grb7	421	2029	2397
Rpl19	62	653	751
Med24	137	3101	3410
Psmd3	176	1769	2148
Msl1	315	2166	4593
Casc3	270	2367	3963
Cdc6	101	1871	2559
Smarce1	661	1897	2919
Top2a	123	4710	5221
Krt19	261	1473	1576
Jup	122	2360	3205
Eif1	245	587	1322
Acly	229	3505	4393
Dnajc7	564	2049	2330
Kat2a	61	2554	3046
Rab5c	226	877	1915
Coasy	385	2077	2386
Tubg1	256	1612	1802
Vps25	48	579	1106
Coa3	187	514	886
Becn1	157	1504	4365
Psme3	234	999	2664
Vat1	97	1318	2766
Rnd2	163	847	1394
Rpl27	279	690	732
Brca1	130	5569	6572
Nbr1	629	3596	4789
Dhx8	91	3826	4325
Etv4	254	1712	2336
Lsm12	90	678	2256
Hrob	208	2056	2547
Atxn7l3	289	1333	3688
Ubtf	316	2611	4692
Slc25a39	170	1250	1685
Grn	187	1996	2331
Fzd2	336	2049	3663
Gjc1	717	1908	2314
Eftud2	77	2996	3324
Kif18b	150	2655	3326
Dcakd	214	910	1744
Nmt1	226	1717	4861
Hexim1	691	1762	3495
Kansl1	650	3761	5510
Tlk2	636	2793	5494
Limd2	145	532	2950
Ddx42	248	3038	4011
Ftsj3	345	2862	3144
Psmc5	37	1258	1316
Smarcd2	264	1860	2747
Kpna2	206	1796	2054
Ddx5	216	2064	3559
Nol11	124	2296	3158
Psmd12	93	1464	1904
Prkar1a	313	1459	3513
Fam104a	70	628	2619
Slc9a3r1	185	1253	1925
Rpl38	203	416	457
Mrpl58	23	644	2596
Atp5h	137	623	682
Nt5c	76	679	858
Jpt1	112	577	1375
Nup85	96	2067	2230
Sumo2	158	446	1051
Mrps7	236	965	1962
Mif4gd	519	1188	1656
Grb2	331	985	2709
Tsen54	40	1618	1979
Llgl2	160	3244	3551
Sap30bp	394	1321	3654
Galk1	41	1220	1406
H3f3b	608	1019	2514
Wbp2	70	856	1826
Mrpl38	91	1234	1411
Srp68	111	1989	2526
Ubald2	215	710	1482
Prpsap1	131	1289	1841
Ube2o	34	3901	5205
Jmjd6	256	1468	1668
Mettl23	329	1091	1276
Srsf2	165	831	1899
Septin9	158	1163	2932
Syngr2	37	712	1520
Tk1	313	1015	1440
Birc5	100	523	947
Socs3	400	1078	2552
Pgs1	588	2250	2863
Eif4a3	93	1329	1509
Ndufaf8	54	279	781
Slc38a10	268	3541	4578
Nploc4	195	2022	4121
Hgs	92	2423	2903
Mrpl12	79	685	1316
Mcrip1	115	409	1205
P4hb	446	1976	2861
Actg1	124	1252	1952
Arhgdia	413	1028	2150
Alyref	27	795	3527
Anapc11	202	457	3229
Mafg	267	756	4923
Aspscr1	77	1730	1820
Cenpx	19	256	606
Hmga1b	95	419	1626
Gps1	61	1642	2000
Dus1l	263	1691	1909
Fasn	527	8042	10050
Slc16a3	186	1599	4335
Tex19.1	243	1299	1745
Foxk2	141	2097	5029
Wdr45b	152	1187	2321
Tbcd	96	3687	3906
Rab10	551	1154	3513
Dnmt3a	262	2989	9685
Ptrhd1	423	3840
Sf3b6	246	624	1180
Rhob	377	968	2349
Pum2	164	3365	6226
Sdc1	313	1249	3157
Laptm4a	295	1222	1773
Mycn	372	1761	2674
Ddx1	94	2317	4842
Nol10	96	2160	3021
Pdia6	88	1411	2175
Hpcal1	215	797	1526
5730507C01Rik	192	1371	2431
Itgb1bp1	238	841	1921
Odc1	489	1875	2208
Cpsf3	137	2192	2499
Iah1	43	793	1141
9030624G23Rik	278	746	2245
Ywhaq	174	912	2197
Rrm2	106	1279	2193
Id2	779	1184	1969
Rnaseh1	87	945	1455
Adi1	22	562	1652
Rps7	107	692	954
Acp1	39	516	3066
Lamb1	272	5633	5784
Dld	114	1644	2544
Nampt	235	1711	4527
Twistnb	20	1013	4325
Bzw2	165	1425	1871
Arl4a	254	857	3710
Ifrd1	233	1583	3378
Zfp277	143	1517	2188
Scfd1	5	1925	2096
Hectd1	356	8189	8988
Dtd2	16	523	2564
Nubpl	47	1007	2987
Arhgap5	174	4686	9323
Sptssa	90	306	1346
Eapp	97	943	4186
Snx6	50	1271	1928
Cfl2	131	632	2940
Baz1a	375	5034	5788
Ppp2r3c	228	1590	4216
Prorp	1271	3026	3122
Psma6	141	882	1042
Nfkbia	121	1066	1578
Prps1l3	263	1220	1720
Gemin2	84	894	1588
Trappc6b	225	702	1255
Pnn	119	2300	3485
Mia2	4194
Fkbp3	85	760	1022
Rpl10l	44	689	1023
Rps29	128	299	390
Rpl36al	877	1198	1276
Dnaaf2	144	2589	3390
Pole2	31	1615	1706
Klhdc2	273	1494	1905
Nemf	56	3251	4732
Arf6	544	1072	1534
Tmx1	74	911	2795
Actr10	98	1352	4022
Psma3	126	894	2846
Timm9	342	612	990
Ppm1a	441	1590	7668
Mnat1	121	1051	2505
Trmt5	21	1527	2066
Hif1a	386	2897	4724
Mthfd1	206	3014	3241
Churc1	62	401	676
Fntb	2	1418	1442
Gpx2	179	752	1067
Max	160	643	1942
Atp6v1d	179	923	3667
Eif2s1	363	1311	3405
Vti1b	333	1032	1490
Rdh11	503	1454	3262
Zfp36l1	138	1155	2990
Actn1	280	2959	3734
Erh	575	890	1293
Srsf5	233	1043	1568
Cox16	155	476	2007
Med6	45	786	1059
Dcaf4	160	1720	2008
Rbm25	181	2698	4226
Riox1	84	1896	2344
Rnf113a2	140	1154	1383
Npc2	285	735	3299
Fcf1	66	663	749
Dlst	64	1429	2764
Eif2b2	81	1137	1605
Tmed10	182	842	1482
Erg28	80	503	1169
Esrrb	271	1636	4196
Irf2bpl	901	3229	4098
Gstz1	112	763	1656
Vipas39	105	1581	2524
Ahsa1	144	1161	1377
Sptlc2	184	1867	6710
Alkbh1	15	1185	3857
Slirp	34	373	2701
Snw1	13	1624	2232
Zc3h14	134	2342	3514
Tdp1	23	1853	2036
Psmc1	55	1378	1591
Calm1	279	729	4115
Ppp4r3a	793	3256	4516
Ndufb1	1	604	778
Cpsf2	180	2529	5732
Lgmn	210	1518	1990
Itpk1	114	1374	2918
Ubr7	62	1340	3261
Ddx24	46	2620	2850
Glrx5	10	469	2925
Papola	213	2433	4380
Vrk1	72	1323	3711
Setd3	169	1954	2755
Ccnk	384	2133	2789
Ccdc85c	292	1555	4298
Yy1	440	1685	6178
Wars	100	1546	1824
Ppp2r5c	1575	1847
Dync1h1	153	14088	14342
Cinp	73	712	2029
Eif5	626	1916	4050
Mark3	524	2759	3365
Hsp90aa1	144	2346	3281
Ckb	124	1270	1472
Atp5mpl	301	478	612
Siva1	288	816	924
Akt1	370	1813	2690
Cdca4	547	1261	2425
Nudt14	53	722	1241
Mta1	140	2237	2775
Crip2	336	963	1439
Crip1	61	295	516
Tasor2	560	7709	8338
Gdi2	236	1574	4303
Pitrm1	23	3134	3906
Pfkp	98	2453	4145
Idi1	359	1211	3027
Gtpbp4	87	1992	8783
Heatr1	132	6564	6780
Mrpl32	147	711	3013
AW209491	381	1647	2914
Psma2	35	740	2911
Mplkip	72	609	2672
Rala	259	880	2688
Yae1d1	43	694	8744
Vps41	26	2588	3199
Stard3nl	214	922	1391
Trim27	671	2213	4312
Abt1	34	844	4456
Gmnn	282	903	1127
Acot13	211	634	721
BC005537	1724	2414	5849
Tdp2	53	1166	1957
Uqcrfs1	115	940	1363
Wrnip1	200	2183	2633
Serpinb6a	394	1531	1654
Tubb2b	121	1459	2182
Psmg4	112	484	555
Rpp40	33	1125	4380
Lyrm4	366	642	2086
Fars2	615	1971	2125
Ssr1	134	995	9333
Riok1	466	2170	2738
Txndc5	82	1336	2843
Eef1e1	65	590	2553
Pak1ip1	307	1456	1722
Tmem14c	143	488	914
Tbc1d7	210	1092	1246
Nol7	15	780	1800
Jarid2	601	4306	5997
Nup153	467	4856	6109
Dek	127	1270	2556
Fam120a	189	3528	5105
Ninj1	78	537	1187
Nol8	568	4066	4368
Iars	111	3900	4426
Spin1	260	1049	4434
Cks2	181	421	692
Sfxn1	75	1044	2783
Thoc3	42	1098	2335
4833439L19Rik	421	1333	2727
Nop16	123	660	1756
Higd2a	59	380	648
Rnf44	645	1944	4292
Nsd1	111	8187	12784
Rab24	291	903	1168
Prelid1	1690	2344	2644
Lman2	194	1271	4315
Pdlim7	91	1465	1697
Ddx41	151	2020	2205
Tmed9	5	713	1420
Ddx46	152	3251	5676
Macroh2a1	319	1438	2046
Hnrnpa0	243	1161	2678
Ubqln1	183	1848	3561
2210016F16Rik	71	1088	3051
Rmi1	2054	3905	4212
Naa35	170	2348	3793
Hnrnpk	137	1529	2676
Zfp808	110	2372	2571
Zfp934	22	1444	2147
Platr25	505	1906	2859
Ctsl	402	1407	6168
Mfsd14b	358	1882	3832
2410141K09Rik	56	1451	2587
Uqcrb	67	403	535
Mterf3	174	1413	1479
Fastkd3	126	2112	2421
Med10	90	498	913
Nsun2	77	2351	2834
Ndufs6	96	447	568
Mrpl36	117	426	923
Lpcat1	186	1791	3675
Clptm1l	232	1852	2340
Trip13	203	1502	3399
Pdcd6	114	690	1131
Sdha	72	2067	2900
Ccdc127	110	893	9559
Ell2	894	2814	4382
Arrdc3	240	1485	4101
Polr3g	189	861	3054
Cetn3	264	768	1226
Ccnh	128	1100	2045
Ftl1	1	196	748
Cox7c	229	421	540
Tmem167	658	877	8689
Zcchc9	122	938	1541
Dhfr	533	1097	5347
Rps23	238	670	937
Tbca	40	367	559
Aggf1	294	2430	3249
F2rl1	100	1300	2741
Hmgcr	149	2813	4425
Fam169a	40	2038	6013
Nsa2	180	963	2700
Hexb	96	1707	1905
Enc1	438	2208	4737
Rps18	1	45	504
Utp15	249	1836	4120
Btf3	217	832	1091
Tnpo1	135	2808	8445
Ptcd2	36	1182	1704
Mrps27	17	1265	1849
Smn1	42	909	1222
Gtf2h2	138	1329	1656
Ak6	439	958	1298
Taf9	952	1747	1962
Cdk7	100	1141	1988
Mrps36	91	400	701
Slc30a5	250	2536	3179
Ccnb1	168	1461	2489
Trappc13	264	1521	2342
Cenpk	198	1119	1217
Ipo11	205	3133	4325
Dimt1	46	988	2051
Ndufaf2	54	561	678
Smim15	386	611	2097
Gpbp1	1399	2881	3694
Ddx4	41	2150	2762
Mtrex	41	3164	3689
Ndufs4	202	730	1698
Pelo	267	1425	1600
Emb	577	1570	2923
Mrps30	18	1347	3319
Paip1	211	1414	2551
Hmgcs1	119	1682	3464
Flnb	195	8004	9100
Rpp14	477
Kctd6	1650	2364	3052
Pdhb	93	1173	1513
Thoc7	74	689	937
Psmd6	101	1271	1387
Ube2e1	206	788	1408
Nid2	73	4285	4876
Rpl15	119	734	1922
Rtraf	95	830	1562
Ecd	334	2260	3132
Dnajc9	127	907	1631
Mrps16	141	549	2572
Anxa7	240	1632	2851
Ppp3cb	133	1711	3831
Sec24c	109	3400	4461
Chchd1	68	425	616
Adk	65	1151	1782
Kat6b	425	5717	6977
Comtd1	105	894	2314
Vdac2	424	1312	1954
Ppif	62	683	1549
Anxa11	148	1660	2394
Rps24	38	431	519
Slmap	1183	3649	5476
Arf4	346	889	2165
Pde12	331	2158	7725
Selenok	210	495	1678
Actr8	48	1923	2328
Tkt	143	2015	3223
Spcs1	123	432	702
Gnl3	211	1828	1947
Nt5dc2	104	1766	1848
Bap1	168	2355	3460
Eaf1	870	1677	4918
Dph3	92	341	2953
Ncoa4	160	2038	4065
Parg	297	3183	4413
Timm23	150	780	1173
Glud1	171	1848	3390
Wapl	455	4058	6351
Ghitm	97	1138	3188
Ero1l	82	1477	4418
Psmc6	60	1230	2234
Gnpnat1	228	783	2788
Fermt2	195	2238	3293
Cnih1	148	583	1538
Gmfb	139	568	4171
Mapk1ip1l	141	870	4542
Lgals3	144	939	1419
Dlgap5	300	2727	2964
Ktn1	161	4145	7945
Ttc5	31	1354	1842
Parp2	107	1787	1894
Osgep	115	1123	3388
Pip4p1	74	929	2755
Apex1	119	1073	1239
Pnp2	181	1099	1372
Pnp	281	1151	2942
Zfp219	382	2563	3017
Hnrnpc	173	1094	2498
Supt16	266	3410	4673
Chd8	319	8068	8509
Tox4	350	2210	5350
Dad1	72	414	3491
Oxa1l	14	1316	2538
Slc7a7	403	1936	2278
Mrpl52	24	390	418
Prmt5	169	2083	2691
Haus4	206	1298	1587
Ajuba	294	1938	3397
Psmb5	31	826	899
Acin1	151	4168	4735
1700123O20Rik	906	1335	1843
Pabpn1	8	917	1030
Ngdn	123	1071	1200
Pck2	219	2142	4625
Psme1	215	965	1112
Psme2	198	918	962
Ipo4	86	3335	3846
Mdp1	134	629	1733
Nedd8	312	558	824
Tinf2	239	1484	2956
Tgm1	210	2658	2852
Rabggta	204	1908	2882
Dhrs1	271	1213	1477
Nop9	81	1992	3694
Mphosph8	104	2681	2939
Pspc1	157	1729	4114
Zmym2	49	4180	6974
Eef1akmt1	89	734	880
Xpo4	474	3930	8680
Mrpl57	97	406	2877
Gm49336	238	2002	3913
Mipep	115	2251	3015
Ebpl	49	670	10092
Kpna3	83	1649	4069
Trim13	208	1432	1619
Rnaseh2b	48	975	1494
Ints6	454	3106	10883
Ctsb	129	1149	4743
Fdft1	847	2098	3698
Tdh	399	1521	1881
Ints9	314	2291	2674
Elp3	52	1696	2771
Pbk	318	1311	1720
Esco2	206	1985	2913
Clu	233	1580	1810
Ppp2r2a	348	1692	4010
Cdca2	387	3336	3841
Nefl	100	1732	3380
R3hcc1	330	1797	1958
Chmp7	45	1401	2649
Polr3d	175	1372	2032
Dmtn	468	1620	4176
Xpo7	25	3289	4472
Dok2	134	1373	1795
Itm2b	163	964	1796
Med4	36	849	1328
Sucla2	143	1535	2229
Esd	99	948	1988
Gtf2f2	120	870	1467
Nufip1	42	1497	3974
Tpt1	336	855	1169
Tsc22d1	239	671	1762
Dnajc15	27	477	6193
Sugt1	138	1149	7392
Mzt1	57	294	2240
Dis3	97	2974	5150
Klf5	304	1645	3352
Commd6	250	514	1090
Uchl3	70	763	903
Tpm3	1	69	816
Ubac2	124	1162	2139
Ipo5	30	3324	4518
Tm9sf2	230	2219	3107
AW549877	30	915	5076
Rpl37	37	331	835
Nup155	173	4349	7832
Nadk2	242	1601	3731
Skp2	174	1449	3118
Dnajc21	155	1751	2060
Brix1	54	1116	2664
Rad1	313	1156	1514
Rai14	241	3181	4909
Tars	126	2295	4005
Sub1	109	493	3372
Zfr	80	3305	4850
Golph3	282	1179	2652
Drosha	280	4402	4570
Basp1	222	903	1855
Myo10	485	6674	8125
Zfp622	184	1615	2802
Laptm4b	296	980	1902
Cct5	99	1725	1853
Pop1	114	3252	3395
Rpl30	488	836	886
Cox6c	374	605	738
Polr2k	81	258	489
Ankrd46	233	920	2509
Pabpc1	467	2378	2817
Ywhaz	602	1340	3288
Zfp706	277	508	4417
Ubr5	8397
Klf10	112	1552	3044
Azin1	590	1937	4871
Atp6v1c1	183	1332	2071
Dcaf13	117	1455	1551
Emc2	57	951	1231
Eif3e	27	1365	1506
Nudcd1	97	1846	5077
Eny2	126	432	3000
Utp23	94	844	2921
Eif3h	66	1125	1295
Rad21	232	2140	3956
Med30	68	605	1007
Mrpl13	464	1001	1223
Derl1	153	909	3175
9130401M01Rik	115	1234	1341
Atad2	108	4203	5684
Fam91a1	238	2752	5560
Rnf139	85	2092	4348
Ndufb9	82	622	704
Sqle	764	2483	2758
Washc5	247	3727	4033
Nsmce2	83	827	1054
Fam49b	303	1278	3797
Efr3a	197	2657	5215
Ptk2	312	3471	4417
Ly6e	678	1089	2281
Pycrl	94	919	1339
Eef1d	118	964	2312
Tsta3	126	1092	1355
Scrib	367	5365	5599
Puf60	40	1735	1881
Exosc4	96	834	1796
Gpaa1	159	2025	2107
Cyc1	41	1019	1520
Maf1	462	1239	1743
Hgh1	58	1240	1993
Bop1	56	2255	2491
Hsf1	156	1734	2084
Fbxl6	19	1627	1710
Cpsf1	113	4439	4518
Slc39a4	623	2606	2750
Vps28	121	787	911
Cyhr1	204	1443	1854
Foxh1	77	1283	1365
Ppp1r16a	1005	2580	2827
Zfp7	330	2388	2960
Commd5	136	811	1037
1110038F14Rik	33	702	1043
Myh9	238	6121	7433
Txn2	1014	1515	2049
Rpl8	211	985	1020
Ift27	305	866	1013
Eif3d	141	1788	1899
Tst	74	968	1144
Gga1	385	2293	3034
Pdxp	51	930	2001
Lgals1	71	479	800
Nol12	57	711	3721
H1f0	272	857	2055
Gcat	60	1311	2370
Eif3l	81	1776	1942
Polr2f	406	790	885
Pick1	311	1562	2054
Pla2g6	371	2795	3318
Tmem184b	443	1667	3627
Csnk1e	80	1331	2694
Ddx17	497	2456	4732
Tomm22	31	460	1569
Apobec3	109	1300	2360
Cbx7	123	879	3388
Atf4	594	1644	1725
Rps19bp1	37	469	838
Rpl3	80	1292	1351
Adsl	58	1513	3711
Slc25a17	82	1006	1724
St13	449	1565	3346
Rbx1	77	404	1675
L3mbtl2	112	2224	3487
Rangap1	327	2097	3033
Phf5a	47	380	1663
Polr3h	344	959	2542
Aco2	204	2547	2918
Pmm1	129	918	1300
Xrcc6	1302	3129	3296
Desi1	198	705	2934
Snu13	109	496	2077
Srebf2	222	3615	5077
Cenpm	69	612	1202
Smdt1	130	454	705
Ndufa6	94	490	590
Tcf20	185	6083	7417
Rrp7a	67	910	4363
Poldip3	131	1394	3299
Cyb5r3	460	1366	2422
A4galt	233	1313	2092
Pacsin2	221	1682	3693
Mcat	48	1194	1917
Tspo	82	592	837
Ttll12	47	1967	3774
Samm50	123	1533	4629
Prr5	181	1345	1830
Arhgap8	136	1414	1544
Nup50	250	1651	4766
Atxn10	220	1648	1937
Gtse1	125	2351	2692
Brd1	319	3889	5152
Creld2	66	1119	1366
Pim3	482	1463	2427
Ncaph2	100	1924	3299
Twf1	103	1156	3025
Scaf11	263	4634	5766
Slc38a1	515	1973	7266
Slc38a2	410	1925	4660
Slc38a4	121	1765	3932
Pced1b	590	1892	2185
Rpap3	91	2074	2271
Asb8	190	1057	2226
Kansl2	371	1832	3596
Ccnt1	700	2875	7397
Cacnb3	64	1519	2477
Ddx23	67	2527	3187
Fkbp11	113	719	734
Arf3	321	867	4566
Prkag1	83	1076	1652
Rhebl1	279	834	1261
Tuba1b	230	1586	1743
Tuba1a	250	1606	1803
Tuba1c	531	1881	1982
Spats2	604	2242	3096
Mcrs1	210	1599	1916
Tmbim6	187	901	2452
Racgap1	272	2159	3052
Smarcd1	193	1741	3307
Cox14	210	384	2090
Cers5	222	1467	2096
Lima1	500	2282	4109
Larp4	186	2346	6530
Atf1	270	1080	2365
Dazap2	363	870	2135
Smagp	332	626	1135
Atg101	340	997	1270
Krt8	243	1716	1958
Krt18	99	1371	1437
Eif4b	178	2014	3854
Rarg	490	1867	2953
Mfsd5	194	1547	1754
Espl1	159	6516	6658
Pfdn5	73	538	1062
Myg1	32	1175	1480
Aaas	141	1782	1811
Sp1	36	2382	7754
Pcbp2	93	1143	1499
Tarbp2	91	1189	1523
Atp5g2	140	581	731
Cbx5	130	706	8803
Hnrnpa1	82	1204	1918
Copz1	14	548	1676
Ppp1r1a	125	641	1306
Naa60	130	859	2350
Trap1	47	2168	2320
Hmox2	145	1093	1730
Nudt16l1	380	1016	1618
Rogdi	10	874	1355
Glyr1	14	1673	3292
Usp7	57	3369	4003
1810013L24Rik	360	1188	4072
Nubp1	29	992	2121
Litaf	81	567	2235
Rsl1d1	76	1435	1945
Gspt1	212	2123	2898
Parn	141	2016	2906
Rrn3	44	2015	3582
Ntan1	105	1038	1175
Nde1	135	1170	2287
Fopnl	54	579	1465
Ube2v2	49	487	4207
Mcm4	220	2809	3589
Mzt2	424	904	1035
Cebpd	39	846	3746
Pkp2	55	2443	2918
Yars2	6	1425	1574
Dnm1l	73	2212	3966
Top3b	390	2979	3073
Ppil2	68	1634	3088
Mapk1	245	1322	5099
Ydjc	4	937	1297
Ube2l3	326	791	2906
Crkl	491	1403	5042
Thap7	112	1042	1248
Smpd4	126	2598	4623
Klhl22	100	2005	2596
Dgcr2	229	1879	4045
Ess2	43	1486	2821
Slc25a1	140	1076	1666
Dgcr6	87	684	1086
Trmt2a	216	2058	2235
Ranbp1	170	782	1085
Arvcf	253	3142	4622
Gnb1l	175	1156	3549
Cdc45	313	2014	2143
Ufd1	208	1132	2078
Mrpl40	339	960	1280
Parl	60	1194	1348
Eif2b5	97	2251	2554
Ap2m1	165	1473	2937
Eef1akmt4	32	800	1134
Psmd2	65	2792	2961
Eif4g1	385	5188	5638
Polr2h	257	710	950
Senp2	158	1925	4499
Etv5	281	1814	3975
Tra2b	229	1096	3403
Eif4a2	348	1572	2208
Rfc4	64	1159	1228
Lsg1	56	1991	3180
Ppp1r2	307	928	4078
0610012G03Rik	46	334	1445
Ncbp2	137	608	2070
Pak2	276	1851	5741
Pigx	169	934	993
Tctex1d2	107	542	838
Tfrc	140	2432	4890
Fyttd1	113	1067	4312
Rpl35a	132	465	519
Hacd2	53	818	3598
Umps	57	1503	3484
Hspbap1	101	1553	1703
Kpna1	199	1816	5039
Fam162a	12	480	718
Ccdc58	402	837	1073
Gtf2e1	162	1485	3084
Ndufb4	94	484	971
Fstl1	280	1201	3789
Cox17	79	271	3690
Adprh	217	1306	2966
Poglut1	91	1270	2758
Tmem39a	393	1854	2871
Atp6v1a	358	2212	4234
Naa50	218	725	3557
Gm4737	65	1364	2093
Dppa4	83	974	1479
Dppa2	529	1435	2447
Morc1	104	2957	3045
Cip2a	90	2814	3974
Pcnp	73	610	2295
Rpl24	159	633	677
Trmt10c	340	1585	3002
Tfg	312	1506	1945
Nit2	45	876	1286
Tomm70a	159	1995	5964
Cmss1	120	951	1150
Cpox	136	1468	3097
Cldnd1	193	955	2147
Riox2	454	1852	2244
4930453N24Rik	298	1345	5522
Cggbp1	490	994	4425
Chmp2b	218	860	1872
Btg3	216	975	1414
Mrpl39	525	1536	2294
Atp5j	395	722	809
Gabpa	446	1811	4987
Cct8	85	1732	2394
Sod1	104	569	641
Mis18a	132	747	1333
Gart	114	3147	3518
Son	29	7364	8399
Cryzl1	424	1471	1965
Mrps6	166	544	846
Atp5o	132	774	838
Smim11	146	314	782
Cbr1	129	963	1237
Cbr3	110	944	1170
Morc3	189	3018	4179
Chaf1b	105	1824	1922
Ttc3	1015	6955	8298
Vps26c	436	1330	2547
Psmg1	70	940	1044
Hmgn1	125	416	2174
Tmem242	26	449	948
Gtf2h5	164	380	2245
Dynlt1b	100	442	771
Dynlt1c	139	481	2589
Ezr	141	1902	3164
Qk	507	1533	8547
Mrpl18	347	890	1219
Acat2	84	1278	2250
Tcp1	184	1855	2446
Wtap	197	1388	2060
Sod2	229	898	5861
Afdn	126	5589	7732
Phf10	79	1573	1663
Tbp	247	1198	12794
Psmb1	36	759	1758
Pdcd2	28	1060	1120
Chd1	493	5629	7916
Riok2	296	1940	3220
Ppp2r1a	195	1965	2410
Zscan10	171	2520	2698
Thoc6	290	1316	1504
Hcfc1r1	375	738	946
Cldn6	239	899	1622
Pkmyt1	443	1916	2040
Srrm2	241	8353	8864
Elob	51	408	537
Kctd5	57	762	2443
Amdhd2	102	1332	1496
Atp6v0c	177	645	1183
Ccnf	99	2433	4133
Rnps1	182	1100	1816
Eci1	62	932	1137
Pgp	118	1084	2627
Traf7	211	2221	3003
Zfp598	71	2798	3352
Gfer	89	686	1776
Tbl3	96	2502	5226
Ndufb10	144	675	732
Nubp2	42	870	1427
Spsb3	331	1501	1947
Nme3	14	524	715
Mrps34	52	709	918
Jpt2	78	651	2672
BC003965	55	466	3030
Tsr3	83	1055	1192
Ube2i	833	1310	1559
Fam173a	584	1274	1321
Metrn	121	997	2751
Stub1	508	1423	1803
Rps2	166	1048	1094
Pigq	244	1990	3173
Nme4	150	711	1006
Mrpl28	62	836	1068
Axin1	420	3027	3777
Arhgdig	207	885	1032
Luc7l	80	1196	4934
Dusp1	196	1300	1990
Atp6v0e	63	309	2812
Bnip1	27	714	1098
Cuta	129	663	741
Bak1	636	1266	2387
Uqcc2	39	450	500
Nudt3	310	817	2223
Hmga1	499	823	2001
Ilrun	291	1167	3892
Rps10	342	840	887
Snrpc	298	778	984
Taf11	1034	1670	2207
Def6	65	1958	2277
Fance	125	1706	2025
Fkbp5	537	1908	3858
Srpk1	297	2244	4653
Mapk14	398	1481	3548
Rpl10a	46	697	729
Gm4356	191	398	618
Kctd20	331	1591	4196
Stk38	290	1688	3354
Cdkn1a	266	746	2080
Srsf3	161	656	2618
Ppil1	259	760	1462
Mtch1	147	1317	1952
Pim1	391	1333	2698
Rnf8	178	1645	5404
Glo1	108	663	9865
Wdr4	367	1738	4154
Ndufv3	96	1503	1582
U2af1	196	916	1046
Rrp1b	375	2550	4874
Brd4	241	4444	5922
Akap8	82	2146	3731
Hnrnpm	1481	3671	3934
Rab11b	268	925	6109
Rps28	20	230	437
Ndufa7	58	400	528
Cd320	80	863	2209
Kifc1	166	2191	2357
Smim40	170	416	807
Daxx	270	2493	2673
Pfdn6	256	640	807
Wdr46	78	1947	2229
H2	1	91	1201
Rps18	57	516	560
Slc39a7	362	1793	2320
Brd2	1708	4105	4657
Pbx2	291	1584	3068
Rnf5	217	760	1238
Agpat1	320	1178	2190
Nelfe	292	1396	1607
Ehmt2	3	3795	4026
Lsm2	203	491	840
Vars	278	4070	4137
Clic1	482	1208	1466
Ddah2	300	1158	1342
Csnk2b	176	824	961
Gpank1	34	1153	1295
Bag6	307	3772	3858
Prrc2a	226	6703	6888
Ltb	83	1004	1160
Ddx39b	1370	2657	2848
Pou5f1	82	1141	1362
Gtf2h4	187	1579	1679
Mdc1	168	5295	7335
Nrm	67	856	1466
Ppp1r18	620	2405	3185
Dhx16	93	3228	3351
2310061I04Rik	169	1117	1293
Mrps18b	26	791	1079
Tubb5	253	1588	2649
Abcf1	43	2557	3161
Gnl1	324	2148	2848
Rpp21	230	683	729
Trim26	262	1900	3198
Ppp1r11	207	603	1599
Znrd1	198	570	742
Ubd	60	549	931
Zfp57	1220	2486	2597
Cenpq	199	1009	1442
Cd2ap	73	1987	5364
Cdc5l	302	2711	3027
Aars2	13	2956	3349
Slc35b2	184	1480	1906
Mymx	103	358	804
Slc29a1	368	1745	2216
Mrpl14	126	564	645
Mrps18a	32	623	884
Xpo5	139	3754	5081
Hsp90ab1	105	2280	2520
Polr1c	91	1132	1314
Yipf3	168	1212	2035
Tjap1	400	2020	2559
Dnph1	99	621	1190
Srf	347	1862	2616
Mrpl2	74	995	1031
Rrp36	22	703	1195
Klhdc3	415	1564	2100
Mea1	188	713	945
Ppp2r5d	143	1928	2926
Rpl7l1	24	765	2606
Tbcc	6	1032	1164
Mrps10	16	622	1018
Ccnd3	327	1206	2113
Bysl	321	1632	3854
Foxp4	247	2305	3197
Oard1	397	856	1324
Rab5a	467	1115	2366
Sgo1	260	1814	3628
Mpnd	49	1513	1701
Sh3gl1	176	1283	2073
Mydgf	29	530	1710
Plin3	75	1389	3645
Safb2	141	3117	3277
Uhrf1	253	2602	3586
Micos13	103	463	755
Lonp1	14	2864	2951
Rpl36	35	353	383
Ranbp3	32	1508	2373
Ndufa11	73	505	545
Dus3l	78	1992	2025
Clpp	23	842	983
Khsrp	89	2336	3978
Crb3	242	584	1206
Vapa	257	1007	3369
Ppp4r1	88	2944	3850
Twsg1	197	866	4086
Ndufv2	94	841	1697
Tgif1	320	1139	1631
Myl12b	433	952	2143
Smchd1	179	6203	7052
Myl12a	462	981	1937
Wdr43	46	2080	3450
Ypel5	363	729	3120
Memo1	111	1005	3163
Dpy30	221	521	789
Birc6	173	14795	15768
Ttc27	180	2724	2838
Fam98a	153	1701	2817
Cebpzos	178	421	753
Cebpz	36	3195	4070
Ndufaf7	29	1340	1749
Atl2	97	1849	3618
Hnrnpll	342	2118	3116
Gemin6	249	750	1134
Srsf7	103	820	2288
Eml4	233	2864	5052
Cox7a2l	55	391	1076
Mta3	67	1843	2087
Zfp36l2	253	1708	3530
Lrpprc	45	4224	4393
Ppm1b	400	1573	3323
Pigf	130	790	988
Cript	110	416	1184
Calm2	140	590	1205
Epcam	455	1403	2040
Msh2	266	3074	3283
Msh6	87	4164	4251
Cul2	188	2426	3828
Bambi	287	1070	5074
Mtpap	30	1788	2651
Kif5b	416	3308	6032
Rab18	120	741	6515
Wac	378	2319	5208
Thoc1	287	2261	4134
Usp14	213	1695	4726
Snrpd1	138	498	858
Impact	414	1371	3763
Ss18	179	1436	3098
Rnf138	303	1041	2422
Zfp35	264	2007	3040
Ino80c	152	728	2498
Galnt1	474	2154	4108
2700062C07Rik	35	689	1065
Elp2	34	2530	3466
Tpgs2	399	1290	4159
Slc25a46	91	1348	4371
Sap130	113	3284	4015
Polr2d	13	442	1015
Wdr33	180	4173	4575
Iws1	265	2566	9613
Ercc3	94	2446	2708
Wdr36	163	2863	4455
Srp19	74	509	876
Reep5	48	618	2852
Kif20a	348	3012	3674
Cdc23	28	1822	4133
Kdm3b	84	5373	6363
Etf1	192	1506	3709
Hspa9	107	2147	3049
Ctnna1	125	2846	3733
Matr3	316	2857	6262
Paip2	262	637	1569
Ube2d2a	431	875	2480
Cxxc5	354	1308	2302
Cystm1	664	985	1050
Pfdn1	39	408	1109
Sra1	507	1206	1979
Slc35a4	1099	2074	2842
Ndufa2	37	337	572
Ik	117	1791	1996
Wdr55	67	1234	1619
Hars	105	1635	1989
Zmat2	66	666	2310
Taf7	280	1306	3302
Diaph1	158	3926	5666
Hdac3	103	1390	2032
Dele1	110	1643	2394
Rnf14	658	2116	3340
Gnpda1	104	974	2289
Ndfip1	207	873	1796
Yipf5	212	986	3328
Lars	228	3765	3980
Tcerg1	40	3343	4417
Eif3j2	50	842	2379
Tmed7	253	928	1348
Ap3s1	137	719	1520
Eif1a	353	788	2865
Commd10	72	681	1610
Hspe1	1	41	350
Hsd17b4	151	2359	2684
Srfbp1	27	1353	2656
Snx2	64	1624	2067
Ppic	159	798	1403
Aldh7a1	85	1705	1914
Eno1b	135	1440	1791
Phax	218	1376	1942
Lmnb1	300	2067	2843
Isoc1	26	920	3377
Rbm22	90	1353	2210
Tcof1	113	4076	4529
Cdx1	79	886	1750
Rps14	284	740	785
Csnk1a1	412	1510	2259
Grpel2	24	699	4038
Fbxo38	122	3707	4254
Txnl1	264	1134	4343
Nars	194	1874	2745
Lman1	28	1582	4676
Pmaip1	228	540	2727
Impa2	219	1092	5054
Tubb6	41	1385	1758
Afg3l2	171	2580	3094
Psmg2	80	875	1059
Ptpn2	78	1227	1568
Seh1l	134	1217	3542
Cep192	255	7800	8093
Fam210a	297	1119	9651
Rnmt	113	1511	5008
Mex3c	1959	3738
Smad4	479	2135	3384
Me2	145	1915	2638
Ska1	261	1026	2630
BC031181	238	457	1266
Ier3ip1	109	358	1402
Rpl17	632	1187	1326
Pias2	188	2054	3060
8030462N17Rik	283	1483	5125
Haus1	31	868	1003
Adnp2	130	3628	5012
Rbfa	109	1162	1377
Atp5a1	322	1984	2471
Gm16286	506	1169	1755
Txnl4a	144	573	4078
Ctdp1	149	3032	3713
Cndp2	162	1590	2152
Cyb5a	141	546	833
Fbxo15	1437
Timm21	227	962	2418
Socs6	415	2017	6036
Mrpl21	12	642	802
Ppp6r3	234	2769	4841
1810055G02Rik	734	1913	2193
Chka	279	1587	2549
Ndufs8	286	925	1005
Ndufv1	184	1579	1661
Gstp1	122	755	821
Gstp2	98	731	797
Cdk2ap2	244	628	1080
Aip	240	1233	1378
Tmem134	66	609	1472
Coro1b	120	1575	1888
Ppp1ca	152	1145	1473
Rbm14	126	2136	3165
Ccs	97	922	1067
Dpp3	73	2290	2683
Mrpl11	246	825	3045
Rab1b	134	740	1913
Sf3b2	61	2698	3222
Banf1	617	887	1261
Eif1ad	602	1115	2556
Drap1	265	883	992
AI837181	25	922	1528
Ccdc85b	497	1106	4715
Fibp	78	1152	1209
Rnaseh2c	36	537	1126
Rela	352	2002	2716
Frmd8	184	1585	4504
Cfl1	145	646	2354
Dpf2	99	1275	3314
Pola2	298	2101	2421
Capn1	102	2244	3060
Mrpl49	49	550	1764
Znhit2	35	1235	1281
Fau	284	686	736
Cdca5	180	975	2024
Sac3d1	64	1348	1442
Arl2	447	1002	1286
Ehd1	250	1855	3353
Men1	422	2258	2975
Sf1	398	2318	4353
Rasgrp2	248	2075	2296
Prdx5	489	1122	1262
Trmt112	438	816	985
Bad	462	1077	1452
Plcb3	169	3874	4257
Ppp1r14b	281	725	999
Vegfb	218	785	1158
Stip1	79	1711	2108
Otub1	57	873	1713
Cox8a	104	314	550
Naa40	240	954	3231
Rcor2	683	2255	2823
Spindoc	193	1339	3152
Rtn3	119	833	2762
Slc3a2	132	1713	1819
Wdr74	3	1158	1204
Nxf1	159	2016	2326
Tmem223	13	613	748
Polr2g	107	626	890
Gng3	205	433	1643
Bscl2	532	1864	1962
Ubxn1	105	999	1291
Uqcc3	98	368	821
1810009A15Rik	73	445	806
Ints5	64	3121	3274
Ganab	21	2922	3860
B3gat3	193	1201	1603
Mta2	480	2487	3135
Tut1	93	2703	2753
Incenp	224	2855	3236
Eef1g	173	1487	1864
Fth1	795	1344	1494
Fen1	426	1569	2373
Tmem258	248	488	606
Sdhaf2	21	516	2981
Ddb1	379	3802	4459
Prpf19	219	1734	2134
Ccdc86	33	1314	3003
Mrpl16	79	835	1162
Stx3	221	1091	2810
Patl1	164	2477	4216
Tle4	639	2961	4545
Psat1	136	1249	2617
Ostf1	136	784	2726
Carnmt1	236	1439	4518
D030056L22Rik	88	577	1631
Zfand5	474	1116	7385
1110059E24Rik	268	736	1614
Abhd17b	72	939	2259
Klf9	529	1264	4486
Tjp2	496	4000	4920
Fxn	40	664	1114
Pum3	41	1988	3471
Rcl1	130	1252	1803
Uhrf2	266	2678	3536
Gldc	169	3247	3767
Minpp1	172	1618	2613
Rpl9	1	28	607
Atad1	79	1165	3771
Kif20b	74	5399	5564
Rpp30	6	813	1145
Tnks2	306	3807	6481
Marchf5	327	1164	1809
Kif11	191	3350	4819
Cep55	374	1760	2683
Hells	178	2644	5868
Pdlim1	175	1159	2571
Aldh18a1	248	2636	3527
Tm9sf3	126	1890	3170
Rrp12	96	3984	4340
Exosc1	14	602	1018
Mms19	44	3140	6607
Pgam1	125	890	1775
Avpi1	199	628	1044
Got1	150	1392	2058
Slc25a28	115	1210	1535
Bloc1s2	30	462	885
Scd2	714	1791	5455
Ndufb8	39	600	680
Mrpl43	48	528	1398
Btrc	88	1906	2978
Npm3	35	563	888
Oga	421	3172	5057
Ldb1	650	1778	2295
Pprc1	52	4987	5246
Nolc1	167	2276	3634
Nfkb2	308	3008	3141
Cuedc2	210	1065	1941
Mfsd13a	180	1740	2278
Actr1a	70	1201	2757
Trim8	742	2398	3580
Arl3	51	600	843
Pcgf6	85	1147	2159
Atp5md	62	239	2733
Pdcd11	117	5706	6761
Sfr1	127	1087	1657
Gsto1	119	842	1182
Xpnpep1	1669	3670	4078
Smndc1	163	880	1948
Nutf2	1	81	465
Smc3	142	3796	4851
Shoc2	361	2110	3965
Eif3a	126	4161	5125
Prdx3	89	863	1478
Plp2	152	611	1157
Praf2	145	682	1339
Tfe3	287	2006	3277
Otud5	286	1987	4259
Timm17b	87	606	2381
Eras	177	861	1077
Hdac6	345	3795	4142
Rbm3	75	540	2792
Mid1ip1	561	1110	2022
Atp6ap2	95	1148	2324
Usp9x	378	8043	11887
Maoa	143	1724	4167
Ddx3x	143	2132	4692
Ndufb11	359	815	908
Rbm10	554	3347	3564
Cdk16	395	1886	3120
Uba1	228	3405	4071
Timp1	164	782	883
Uxt	93	567	875
Klhl13	1917	2996
Pgrmc1	81	669	1857
Ube2a	191	650	1732
Slc25a5	80	977	1240
Ndufa1	73	286	419
Rhox5	633
Rpl39	275	431	612
Mcts1	113	659	783
Cul4b	72	2985	3344
Stag2	370	4066	5955
Utp14a	81	2385	2507
Aifm1	221	2048	2221
Hprt	87	744	1289
Fhl1	165	1008	2356
Zic3	538	1939	3949
Fmr1nb	717	842
1110012L19Rik	295	769	1094
Hmgb3	268	871	1743
Vma21	130	436	4195
Nsdhl	179	1268	2168
Dusp9	258	1617	2722
Slc6a8	4	1912	3314
Bcap31	102	840	1219
Idh3g	42	1224	1331
Ssr4	178	697	765
Naa10	168	876	962
Renbp	107	1400	1418
Hcfc1	354	6492	8138
Flna	207	8127	8456
Emd	265	1045	1595
Rpl10	142	787	855
Gdi1	399	1743	2666
Fam50a	182	1202	1383
Lage3	91	538	761
Ubl4a	210	684	2442
G6pdx	380	1928	2652
Dkc1	258	1788	2804
Mpp1	190	1591	2525
Fundc2	34	490	2562
Vbp1	40	631	1595
Tbl1x	408	1992	5234
Mageb16	306	1398	1854
Nr0b1	37	1456	1808
Apoo	37	634	784
Eif2s3x	76	1495	3647
Maged1	281	2609	2821
Las1l	65	2345	2530
Msn	190	1924	3842
Pja1	132	1869	2666
Igbp1	75	1098	1518
Kif4	732	4428	4983
Slc7a3	653	2510	2750
Nono	277	1699	2562
Ogt	222	3363	5384
Pin4	75	471	489
Ercc6l	116	3839	5302
Rlim	308	2111	7439
Pbdc1	58	655	2638
Rps4x	94	886	975
Cox7b	131	374	1001
Pgk1	151	1405	1825
Apool	88	886	1359
Rps6ka6	2583	4170
Timm8a1	277	571	1421
Rpl36a	63	384	483
Bex2	264	654	903
Bex4	253	610	837
Tceal8	319	673	2358
Bex1	259	646	866
Tceal9	245	560	1019
Bex3	245	620	933
Trap1a	271	946	1178
Morf4l2	460	1327	1996
Prps1	129	1086	1965
Gnl3l	172	1906	4869
Tsr2	31	610	3796
Huwe1	408	13545	14579
Hsd17b10	63	849	962
Smc1a	104	3806	4691
Kdm5c	332	4988	6449
Ubqln2	227	2144	3344
Nbdy	90	297	1346
Sat1	281	797	1162
Acot9	212	1532	1752
Prdx4	105	930	990
Sms	334	1435	3717
Eif1ax	222	657	5172
Pdha1	101	1274	2848
Zrsr2	263	1889	2735
Rbbp7	290	1568	2244
Siah1b	405	1254	1783
Pir	280	1153	1599
Rab9	386	992	1447
Tmsb4x	225	360	768
Eif2s3y	74	1493	1836
Ddx3y	106	2083	4600
mt	1
