gene,rep1_short_count,rep1_short_ratio,rep1_long_count,rep1_long_ratio
1110038F14Rik,27.0624208735252,0.620689655172414,25.6535548497435,0.523809523809524
1190007I07Rik,22.2409550857132,0.734265734265734,46.4207182995358,0.605263157894737
2210016F16Rik,29.861981653545,0.276041666666667,40.9235279745908,0.313432835820896
2610507B11Rik,186.792916489102,0.589508742714405,77.5714634742243,0.322834645669291
3110082I17Rik,14.4643973634359,0.451612903225806,61.0798924993892,0.6
4833439L19Rik,23.329673166832,0.42,47.6423161495236,0.346153846153846
6030458C11Rik,61.7458683148822,0.430730478589421,25.0427559247496,0.170731707317073
9130401M01Rik,90.3636007328628,0.700516351118761,108.111409723919,0.542372881355932
A430005L14Rik,30.9506997346639,0.562814070351759,80.6254580991938,0.492424242424242
Aars,207.323028875914,0.67741935483871,178.353286098216,0.719178082191781
Aatf,49.1478448047928,0.607594936708861,48.2531150745175,0.556962025316456
Abcc5,41.3712870825155,0.43609022556391,37.8695333496213,0.32258064516129
Abcd3,36.8608836035946,0.527426160337553,32.9831419496702,0.518518518518518
Abhd11,43.8597855536443,0.563829787234043,53.1395064744686,0.482758620689655
Abhd4,16.1752400623369,0.596153846153846,29.9291473247007,0.591836734693878
Abracl,8.86527580339618,0.701754385964912,37.8695333496213,0.612903225806452
Acaca,11.664836583416,0.426666666666667,46.4207182995358,0.618421052631579
Acadl,27.5290143368618,0.661016949152542,52.5287075494747,0.534883720930233
Acadm,74.9660164427536,0.593360995850622,54.9719032494503,0.577777777777778
Acads,74.9660164427536,0.487551867219917,40.3127290495969,0.287878787878788
Acd,36.7053524491491,0.538135593220339,35.4263376496457,0.655172413793103
Acly,149.620970576616,0.481288981288981,161.250916198388,0.477272727272727
Acsl1,24.2628600935053,0.871794871794872,37.2587344246274,0.721311475409836
Acsl3,26.2847651012974,0.556213017751479,54.9719032494503,0.577777777777778
Actl6a,116.803896988606,0.402130492676431,175.910090398241,0.399305555555556
Actn1,165.485148330062,0.460526315789474,94.6738333740533,0.47741935483871
Actn4,204.212405787003,0.456207159177456,81.2362570241876,0.496240601503759
Actr10,27.9956078001985,0.366666666666667,59.2474957244075,0.422680412371134
Actr1a,36.7053524491491,0.466101694915254,39.701930124603,0.476923076923077
Actr8,23.7962666301687,0.581699346405229,31.7615440996824,0.384615384615385
Acy1,31.4172931980005,0.574257425742574,39.701930124603,0.569230769230769
Add1,99.8510011540412,0.461059190031153,30.5399462496946,0.52
Adh5,104.050342324071,0.539611360239163,381.749328121182,0.5072
Adi1,41.526818236961,0.539325842696629,43.9775225995602,0.458333333333333
Adk,61.9013994693277,0.545226130653266,84.2902516491571,0.427536231884058
Adsl,100.473125771823,0.359133126934985,112.387002198876,0.375
Afdn,37.3274770669313,0.433333333333333,42.1451258245785,0.521739130434783
Aff4,27.0624208735252,0.471264367816092,32.3723430246763,0.39622641509434
Afg3l1,89.4304138061895,0.638260869565217,67.798680674322,0.693693693693694
Afg3l2,96.4293157562391,0.443548387096774,54.3611043244564,0.471910112359551
Aga,21.3077681590399,0.861313868613139,27.4859516247251,0.933333333333333
Agfg1,189.281414960231,0.341002465078061,92.8414365990716,0.427631578947368
Aggf1,105.294591559635,0.469719350073855,56.804300024432,0.462365591397849
Ago2,20.9967058501488,0.451851851851852,36.0371365746396,0.457627118644068
Agrn,311.062308891094,0.5345,28.096750549719,0.543478260869565
Ahctf1,209.655996192597,0.490356083086053,64.7446860493526,0.518867924528302
Ajuba,65.3230848671297,0.55,108.111409723919,0.497175141242938
Akap12,669.406088733634,0.490938661710037,330.442218421696,0.43992606284658
Aldh18a1,93.4742238217737,0.46089850249584,60.4690935743953,0.494949494949495
Aldh2,149.309908267725,0.546875,95.895431224041,0.515923566878981
Aldh7a1,113.226680436358,0.575549450549451,83.6794527241632,0.437956204379562
Aldh9a1,43.3931920903076,0.537634408602151,127.04617639873,0.634615384615385
Alg11,51.169749812585,0.638297872340426,40.9235279745908,0.716417910447761
Alkbh2,48.3701890325651,0.54983922829582,36.0371365746396,0.542372881355932
Alkbh5,66.1007406393575,0.564705882352941,45.199120449548,0.527027027027027
Alpl,243.09519439839,0.55406269993602,173.466894698265,0.580985915492958
Anapc1,114.626460826368,0.455902306648575,58.0258978744197,0.452631578947368
Anapc5,256.315342526261,0.527305825242718,266.919130222331,0.544622425629291
Ankrd10,135.934228985408,0.759725400457666,86.1226484241388,0.730496453900709
Ankrd13a,42.1489428547432,0.516605166051661,25.0427559247496,0.585365853658537
Ankrd37,28.7732635724262,0.848648648648649,25.0427559247496,0.634146341463415
Anln,98.4512207640312,0.533965244865719,69.0202785243098,0.539823008849557
Anxa11,62.5235240871099,0.584577114427861,38.4803322746152,0.571428571428571
Anxa6,156.46434137222,0.600397614314115,91.0090398240899,0.610738255033557
Anxa7,82.4315118561399,0.460377358490566,127.656975323723,0.435406698564593
Ap1g1,34.8389785958025,0.714285714285714,52.5287075494747,0.779069767441861
Ap2a1,61.1237436971,0.513994910941476,73.9066699242609,0.495867768595041
Ap2a2,89.8970072695262,0.365051903114187,70.2418763742976,0.478260869565217
Ap3b1,34.5279162869114,0.292792792792793,29.9291473247007,0.306122448979592
Ap3s2,16.9528958345646,0.36697247706422,50.0855118494991,0.548780487804878
Api5,66.1007406393575,0.472941176470588,69.0202785243098,0.495575221238938
Aplp2,133.445730514279,0.433566433566434,89.7874419741021,0.571428571428571
Apobec3,144.799504788804,0.494092373791622,60.4690935743953,0.444444444444444
Apopt1,43.7042543991987,0.590747330960854,47.6423161495236,0.692307692307692
Appl1,19.7524566145845,0.559055118110236,32.9831419496702,0.5
Aqr,87.4085087983974,0.348754448398576,67.798680674322,0.36036036036036
Arhgap5,20.0635189234756,0.488372093023256,31.1507451746885,0.490196078431373
Arhgef18,82.1204495472488,0.545454545454545,45.199120449548,0.621621621621622
Arl14epl,19.1303319968023,0.40650406504065,68.4094795993159,0.375
Arl6ip6,50.5476251948028,0.430769230769231,81.8470559491815,0.432835820895522
Armt1,29.861981653545,0.4375,49.4747129245052,0.518518518518518
Arpc1a,42.6155363180799,0.510948905109489,55.5827021744442,0.472527472527473
Arpc5,39.81597553806,0.55078125,85.5118494991449,0.414285714285714
Asns,310.284653118866,0.532330827067669,607.134131443929,0.471830985915493
Asxl1,55.6801532915058,0.407821229050279,28.7075494747129,0.553191489361702
Atad1,38.5717263024957,0.544354838709677,83.0686537991693,0.514705882352941
Atad2,59.2573698437534,0.488188976377953,40.9235279745908,0.373134328358209
Atad3a,109.649463884111,0.495035460992908,91.6198387490838,0.573333333333333
Atg4b,29.3953881902084,0.582010582010582,26.2643537747374,0.465116279069767
Atic,284.933074944242,0.455786026200873,198.509650623015,0.495384615384615
Atmin,82.2759807016944,0.597353497164461,68.4094795993159,0.714285714285714
Atp11b,27.3734831824163,0.505681818181818,39.0911311996091,0.484375
Atp13a3,69.677957191605,0.533482142857143,72.0742731492793,0.516949152542373
Atp2a2,203.901343478112,0.499618611746758,66.5770828243342,0.458715596330275
Atp2c1,80.7206691572389,0.502890173410405,53.1395064744686,0.482758620689655
Atp6v1a,83.3646987828132,0.541044776119403,67.1878817493281,0.472727272727273
Aurkb,58.9463075348623,0.546174142480211,79.403860249206,0.492307692307692
Avpi1,59.72396330709,0.455729166666667,89.1766430491082,0.568493150684932
Bag4,9.17633811228727,0.593220338983051,50.0855118494991,0.646341463414634
Bak1,30.9506997346639,0.50251256281407,48.8639139995114,0.4375
Bap1,22.5520173946043,0.593103448275862,36.6479354996335,0.466666666666667
Bard1,20.8411746957033,0.567164179104478,40.9235279745908,0.462686567164179
Baz2a,260.359152541846,0.432497013142174,36.6479354996335,0.45
Bcam,168.129177955636,0.419056429232192,62.301490349377,0.470588235294118
Bcar1,44.637441325872,0.64808362369338,31.1507451746885,0.607843137254902
Bcat2,45.1040347892086,0.196551724137931,72.6850720742732,0.336134453781513
Bccip,109.027339266328,0.443651925820257,138.651355973613,0.458149779735683
Bcl10,19.4413943056934,0.504,32.3723430246763,0.547169811320755
Bcl2l13,19.5969254601389,0.476190476190476,33.5939408746641,0.381818181818182
Bid,72.6330491260704,0.661670235546039,83.0686537991693,0.463235294117647
Birc5,49.6144382681295,0.504702194357367,163.083312973369,0.51685393258427
Blm,186.637385334656,0.485,63.5230881993648,0.596153846153846
Blvrb,73.4107048982982,0.476694915254237,108.111409723919,0.615819209039548
Bms1,130.957232043151,0.524940617577197,25.0427559247496,0.24390243902439
Bod1,28.9287947268717,0.591397849462366,47.0315172245297,0.480519480519481
Brca1,330.348172042342,0.685969868173258,84.2902516491571,0.710144927536232
Brd2,110.116057347447,0.495762711864407,42.1451258245785,0.492753623188406
Brpf3,130.024045116477,0.636363636363636,32.9831419496702,0.555555555555556
Bub1,96.2737846017936,0.431340872374798,87.3442462741265,0.41958041958042
Bub1b,120.381113540853,0.496124031007752,80.0146591741998,0.541984732824427
Bysl,96.2737846017936,0.515347334410339,63.5230881993648,0.538461538461538
Bzw2,83.3646987828132,0.51865671641791,136.208160273638,0.47085201793722
Cad,319.772053540045,0.53647859922179,135.597361348644,0.495495495495495
Cap1,51.480812121476,0.546827794561934,28.7075494747129,0.808510638297872
Capn1,100.162063462932,0.515527950310559,32.3723430246763,0.471698113207547
Capns1,74.9660164427536,0.475103734439834,257.757146347422,0.409952606635071
Cars,69.5224260371595,0.577181208053691,28.096750549719,0.5
Cars2,42.7710674725254,0.683636363636364,38.4803322746152,0.761904761904762
Casp3,50.8586875036939,0.660550458715596,100.781822623992,0.703030303030303
Castor1,10.4205873478516,0.238805970149254,51.3071096994869,0.452380952380952
Cat,103.894811169625,0.425149700598802,105.668214023943,0.445086705202312
Cbfa2t2,22.2409550857132,0.559440559440559,42.7559247495724,0.571428571428571
Cbr1,21.9298927768221,0.737588652482269,36.6479354996335,0.7
Cbx7,27.3734831824163,0.573863636363636,83.0686537991693,0.544117647058823
Ccar1,45.2595659436542,0.52233676975945,46.4207182995358,0.644736842105263
Ccdc124,91.1412565050905,0.658703071672355,130.710969948693,0.714953271028037
Ccdc127,13.6867415912081,0.5,34.8155387246518,0.368421052631579
Ccdc59,39.0383197658323,0.474103585657371,48.2531150745175,0.544303797468354
Ccnh,67.1894587204763,0.465277777777778,100.171023698998,0.445121951219512
Cct6a,324.12692586452,0.448656429942418,717.688736867823,0.472340425531915
Ccz1,41.526818236961,0.610486891385768,59.2474957244075,0.587628865979381
Cd2ap,21.3077681590399,0.299270072992701,36.0371365746396,0.542372881355932
Cdc123,47.5925332603374,0.549019607843137,95.895431224041,0.56687898089172
Cdc16,64.8564914037931,0.697841726618705,112.99780112387,0.691891891891892
Cdc25a,109.182870420774,0.401709401709402,50.696310774493,0.469879518072289
Cdc27,26.7513585646341,0.523255813953488,31.7615440996824,0.538461538461538
Cdc5l,65.6341471760208,0.447867298578199,106.889811873931,0.434285714285714
Cdc6,118.04814622417,0.519104084321476,45.8099193745419,0.533333333333333
Cdca2,59.72396330709,0.5234375,42.1451258245785,0.478260869565217
Cdca4,25.9737027924063,0.497005988023952,80.6254580991938,0.583333333333333
Cdca8,50.5476251948028,0.578461538461538,136.208160273638,0.493273542600897
Cdh1,302.197033087698,0.656201749871333,208.282433422917,0.662756598240469
Cdk1,125.824703946448,0.527812113720643,219.887612997801,0.441666666666667
Cdk11b,85.3866037906053,0.517304189435337,27.4859516247251,0.488888888888889
Cdk5rap2,85.0755414817142,0.440585009140768,29.9291473247007,0.551020408163265
Cdk5rap3,37.9496016847135,0.434426229508197,61.6906914243831,0.574257425742574
Cdk7,91.7633811228727,0.559322033898305,106.279012948937,0.488505747126437
Cdkn1a,79.0098264583379,0.531496062992126,75.1282677742487,0.609756097560976
Cds2,45.7261594069908,0.489795918367347,49.4747129245052,0.493827160493827
Cdt1,354.766563290293,0.661113546690048,278.524309797215,0.646929824561403
Cdyl,12.2869612011982,0.531645569620253,40.3127290495969,0.5
Cebpz,234.852043212776,0.452317880794702,109.943806498901,0.561111111111111
Cenpa,62.6790552415554,0.419354838709677,242.487173222575,0.453400503778338
Cenpe,168.129177955636,0.50786308973173,43.3667236745663,0.563380281690141
Cenpf,170.151082963428,0.528336380255942,65.3554849743465,0.420560747663551
Cenph,23.1741420123865,0.228187919463087,54.9719032494503,0.322222222222222
Cenpm,59.5684321526445,0.331592689295039,76.3498656242365,0.408
Cenpn,28.7732635724262,0.648648648648649,45.199120449548,0.662162162162162
Cenpu,38.2606639936046,0.630081300813008,43.3667236745663,0.732394366197183
Cep120,46.6593463336641,0.366666666666667,26.2643537747374,0.465116279069767
Cep192,177.149984913478,0.421422300263389,44.5883215245541,0.26027397260274
Cep55,69.9890195004961,0.582222222222222,47.0315172245297,0.61038961038961
Cfdp1,71.077737581615,0.595185995623632,197.288052773027,0.631578947368421
Cggbp1,32.6615424335649,0.533333333333333,73.9066699242609,0.429752066115702
Chaf1b,151.487344429963,0.435318275154004,111.776203273882,0.475409836065574
Champ1,67.1894587204763,0.68287037037037,45.199120449548,0.662162162162162
Chchd4,72.0109245082883,0.447084233261339,117.273393598827,0.40625
Chd1,84.6089480183776,0.481617647058824,36.6479354996335,0.433333333333333
Chd4,330.037109733451,0.443920829406221,87.3442462741265,0.412587412587413
Chfr,53.0361236659315,0.636363636363636,29.3183483997068,0.5
Chtf18,122.2474873942,0.473282442748092,28.096750549719,0.5
Ciao2b,81.1872626205755,0.339080459770115,80.0146591741998,0.564885496183206
Ckap2,106.227778486309,0.689604685212299,80.6254580991938,0.71969696969697
Ckap2l,51.169749812585,0.486322188449848,47.6423161495236,0.448717948717949
Ckap4,61.7458683148822,0.214105793450882,43.3667236745663,0.253521126760563
Ckap5,48.9923136503473,0.507936507936508,30.5399462496946,0.6
Clcn3,22.7075485490499,0.732876712328767,25.6535548497435,0.714285714285714
Clint1,34.0613228235748,0.438356164383562,56.804300024432,0.440860215053763
Cln8,10.8871808111883,0.542857142857143,25.6535548497435,0.714285714285714
Clpb,48.8367824959018,0.496815286624204,42.1451258245785,0.550724637681159
Clpp,80.8762003116844,0.484615384615385,101.392621548986,0.44578313253012
Clptm1l,23.6407354757231,0.592105263157895,34.204739799658,0.571428571428571
Cltc,87.564039952843,0.548845470692718,163.694111898363,0.391791044776119
Cmas,18.5082073790201,0.411764705882353,56.1935010994381,0.380434782608696
Cmc2,11.0427119656338,0.690140845070423,73.295870999267,0.666666666666667
Cmss1,7.9320888767229,0.411764705882353,26.2643537747374,0.348837209302326
Cmtm7,64.7009602493475,0.514423076923077,40.9235279745908,0.671641791044776
Cnot1,221.165301621568,0.722222222222222,49.4747129245052,0.728395061728395
Cnot10,83.3646987828132,0.408582089552239,70.8526752992915,0.422413793103448
Cnot11,31.572824352446,0.394088669950739,43.9775225995602,0.458333333333333
Cnot7,34.2168539780203,0.627272727272727,53.7503053994625,0.579545454545455
Cnot9,39.81597553806,0.578125,96.5062301490349,0.537974683544304
Cnpy2,67.5005210293674,0.603686635944701,144.759345223552,0.506329113924051
Cobl,131.112763197596,0.483985765124555,50.696310774493,0.301204819277108
Cog2,44.7929724803175,0.753472222222222,36.0371365746396,0.525423728813559
Cog4,89.5859449606351,0.659722222222222,25.0427559247496,0.634146341463415
Commd10,76.9879214505458,0.644444444444444,63.5230881993648,0.471153846153846
Commd4,22.0854239312677,0.676056338028169,42.7559247495724,0.785714285714286
Commd8,46.6593463336641,0.33,77.5714634742243,0.551181102362205
Copa,180.57167031128,0.583118001722653,73.295870999267,0.591666666666667
Copb1,71.8553933538427,0.491341991341991,56.804300024432,0.526881720430108
Copg1,129.868513962032,0.501796407185629,88.5658441241143,0.379310344827586
Cops8,26.5958274101885,0.368421052631579,76.3498656242365,0.408
Coq3,30.1730439624361,0.634020618556701,38.4803322746152,0.555555555555556
Coro1b,58.4797140715257,0.462765957446808,71.4634742242854,0.47008547008547
Cox15,11.1982431200794,0.25,27.4859516247251,0.355555555555556
Creld1,17.8860827612379,0.460869565217391,31.1507451746885,0.411764705882353
Crlf2,58.9463075348623,0.577836411609499,53.7503053994625,0.363636363636364
Crlf3,18.0416139156834,0.560344827586207,63.5230881993648,0.509615384615385
Crls1,14.4643973634359,0.731182795698925,48.8639139995114,0.6
Crot,43.0821297814165,0.534296028880866,31.7615440996824,0.442307692307692
Crtap,81.1872626205755,0.501915708812261,49.4747129245052,0.555555555555556
Cryzl1,23.6407354757231,0.414473684210526,50.0855118494991,0.597560975609756
Cse1l,99.6954699995956,0.471138845553822,166.748106523333,0.501831501831502
Cstb,55.8356844459514,0.389972144846797,218.055216222819,0.394957983193277
Cstf1,36.394290140258,0.555555555555556,43.3667236745663,0.450704225352113
Ctc1,82.5870430105854,0.495291902071563,42.1451258245785,0.507246376811594
Cth,61.7458683148822,0.340050377833753,53.7503053994625,0.443181818181818
Ctnna1,90.6746630417539,0.46483704974271,215.612020522844,0.507082152974504
Ctnnal1,62.834586396001,0.477722772277228,51.3071096994869,0.488095238095238
Ctsa,61.9013994693277,0.42713567839196,39.701930124603,0.523076923076923
Ctsb,46.8148774881096,0.707641196013289,155.753725873442,0.686274509803922
Ctu2,47.1259397970007,0.607260726072607,32.9831419496702,0.555555555555556
Cul1,54.9024975192781,0.470254957507082,73.295870999267,0.425
Cwc15,50.2365628859117,0.405572755417957,93.4522355240655,0.470588235294118
Cyb5r4,55.2135598281692,0.422535211267606,63.5230881993648,0.451923076923077
Cyba,32.6615424335649,0.761904761904762,54.3611043244564,0.696629213483146
Cyfip1,82.2759807016944,0.497164461247637,29.9291473247007,0.387755102040816
Cyp51,55.5246221370603,0.535014005602241,111.165404348888,0.505494505494505
D10Wsu102e,9.17633811228727,0.322033898305085,31.1507451746885,0.294117647058824
Dbf4,53.6582482837137,0.466666666666667,120.327388223797,0.482233502538071
Dbnl,32.6615424335649,0.338095238095238,32.9831419496702,0.481481481481481
Dcaf15,32.6615424335649,0.719047619047619,45.8099193745419,0.573333333333333
Dcaf4,30.3285751168817,0.430769230769231,37.8695333496213,0.419354838709677
Dcaf8,42.4600051636343,0.472527472527473,52.5287075494747,0.674418604651163
Dck,30.1730439624361,0.391752577319588,36.0371365746396,0.440677966101695
Dcps,21.7743616223766,0.485714285714286,37.8695333496213,0.387096774193548
Dctd,60.5016190793178,0.655526992287918,70.8526752992915,0.663793103448276
Dctn5,20.9967058501488,0.377777777777778,39.701930124603,0.461538461538462
Dctn6,35.4611032135847,0.649122807017544,50.696310774493,0.63855421686747
Dctpp1,27.6845454913074,0.432584269662921,242.487173222575,0.428211586901763
Ddb1,273.423769515272,0.456769055745165,70.8526752992915,0.491379310344828
Ddt,38.105132839159,0.395918367346939,76.3498656242365,0.416
Ddx1,76.8323902961002,0.45748987854251,184.461275348155,0.592715231788079
Ddx10,144.488442479913,0.509149623250807,48.8639139995114,0.65
Ddx18,85.0755414817142,0.535648994515539,152.699731248473,0.456
Ddx20,69.677957191605,0.491071428571429,61.0798924993892,0.52
Ddx24,113.226680436358,0.559065934065934,68.4094795993159,0.491071428571429
Ddx27,79.9430133850112,0.492217898832685,48.8639139995114,0.5
Ddx41,46.1927528703275,0.531986531986532,48.2531150745175,0.392405063291139
Ddx46,65.9452094849119,0.422169811320755,64.1338871243587,0.380952380952381
Ddx47,70.1445506549417,0.472283813747228,84.901050574151,0.460431654676259
Ddx52,71.077737581615,0.533916849015317,44.5883215245541,0.575342465753425
Ddx56,87.564039952843,0.550621669626998,58.6366967994136,0.614583333333333
Def8,44.0153167080898,0.618374558303887,74.5174688492548,0.434426229508197
Dele1,67.8115833382585,0.518348623853211,43.9775225995602,0.625
Dennd2c,50.5476251948028,0.523076923076923,28.096750549719,0.478260869565217
Dhcr24,99.6954699995956,0.477379095163807,89.1766430491082,0.534246575342466
Dhcr7,60.5016190793178,0.383033419023136,76.9606645492304,0.484126984126984
Dhodh,99.228876536259,0.672413793103448,81.8470559491815,0.626865671641791
Dhps,51.169749812585,0.708206686930091,74.5174688492548,0.737704918032787
Dhrs7b,18.3526762245745,0.593220338983051,28.096750549719,0.326086956521739
Dhx29,86.164259562833,0.425992779783394,29.3183483997068,0.4375
Dhx8,86.9419153350608,0.468694096601073,49.4747129245052,0.469135802469136
Dis3,90.6746630417539,0.531732418524871,71.4634742242854,0.538461538461538
Dlat,98.4512207640312,0.516587677725118,113.608600048864,0.505376344086022
Dld,36.7053524491491,0.533898305084746,110.554605423894,0.513812154696133
Dlg5,81.8093872383577,0.505703422053232,28.7075494747129,0.51063829787234
Dlgap5,100.784188080714,0.600308641975309,70.8526752992915,0.53448275862069
Dmac2,26.5958274101885,0.555555555555556,42.1451258245785,0.521739130434783
Dmtn,24.8849847112875,0.55625,46.4207182995358,0.5
Dna2,140.133570155438,0.621531631520533,56.804300024432,0.56989247311828
Dnaaf5,68.5892391104862,0.514739229024943,26.2643537747374,0.581395348837209
Dnajc21,46.1927528703275,0.579124579124579,75.7390666992426,0.459677419354839
Dnm1l,28.4622012635351,0.431693989071038,52.5287075494747,0.465116279069767
Dnmt1,441.241885162017,0.530842439196334,59.8582946494014,0.561224489795918
Dnmt3b,40.2825690013967,0.521235521235521,64.7446860493526,0.462264150943396
Dnpep,49.769969422575,0.48125,45.199120449548,0.486486486486487
Dnph1,20.8411746957033,0.574626865671642,54.3611043244564,0.539325842696629
Dnttip2,59.72396330709,0.447916666666667,78.7930613242121,0.503875968992248
Dohh,56.302277909288,0.477900552486188,44.5883215245541,0.438356164383562
Dpf2,60.0350256159811,0.458549222797927,32.3723430246763,0.584905660377358
Dph5,11.3537742745249,0.753424657534247,29.9291473247007,0.571428571428571
Dpp3,150.865219812181,0.47319587628866,76.3498656242365,0.392
Dppa3,17.8860827612379,0.965217391304348,117.884192523821,0.808290155440414
Dpy19l1,43.7042543991987,0.604982206405694,39.701930124603,0.461538461538462
Drap1,45.2595659436542,0.625429553264605,70.8526752992915,0.543103448275862
Drg1,103.583748860734,0.534534534534535,145.98094307354,0.543933054393305
Drg2,67.5005210293674,0.476958525345622,55.5827021744442,0.483516483516484
Drosha,161.441338314478,0.478805394990366,70.8526752992915,0.53448275862069
Dse,90.6746630417539,0.339622641509434,35.4263376496457,0.431034482758621
Dstn,72.4775179716249,0.671673819742489,255.313950647447,0.526315789473684
Dtl,33.7502605146837,0.506912442396313,64.7446860493526,0.509433962264151
Dtymk,35.7721655224758,0.569565217391304,128.878573173711,0.445497630331754
Dus3l,29.3953881902084,0.423280423280423,30.5399462496946,0.66
Dusp11,19.1303319968023,0.495934959349593,34.8155387246518,0.526315789473684
Dusp12,43.7042543991987,0.530249110320285,52.5287075494747,0.5
Dvl2,59.1018386893079,0.444736842105263,31.1507451746885,0.509803921568627
Dync1h1,268.135710264123,0.513921113689095,58.6366967994136,0.46875
Dync1li1,44.7929724803175,0.475694444444444,42.1451258245785,0.420289855072464
Dyrk3,61.1237436971,0.458015267175573,49.4747129245052,0.604938271604938
Ebna1bp2,52.5695302025949,0.517751479289941,158.807720498412,0.55
Ecd,69.677957191605,0.462053571428571,51.3071096994869,0.476190476190476
Ech1,40.9046936191789,0.570342205323194,74.5174688492548,0.442622950819672
Echdc2,119.758988923071,0.419480519480519,88.5658441241143,0.496551724137931
Echs1,62.9901175504465,0.614814814814815,134.98656242365,0.592760180995475
Eef1akmt1,22.5520173946043,0.420689655172414,53.7503053994625,0.465909090909091
Efr3a,14.775459672327,0.347368421052632,31.7615440996824,0.326923076923077
Ehd1,61.4348060059911,0.486075949367089,69.0202785243098,0.451327433628319
Ehmt2,67.5005210293674,0.612903225806452,52.5287075494747,0.581395348837209
Eif2b1,33.9057916691292,0.288990825688073,58.0258978744197,0.473684210526316
Eif2b4,48.9923136503473,0.46031746031746,34.204739799658,0.464285714285714
Eif2d,77.1434526049913,0.449596774193548,76.3498656242365,0.456
Eif3b,286.643917643143,0.452523060227889,167.358905448326,0.437956204379562
Eif3c,125.358110483111,0.511166253101737,234.546787197655,0.502604166666667
Eif3f,248.227722495093,0.517543859649123,420.840459320792,0.492017416545718
Eif3g,103.583748860734,0.521021021021021,312.729049596873,0.474609375
Eif3l,322.260552011173,0.438223938223938,306.621060346934,0.386454183266932
Eif4a3,176.37232914125,0.578483245149912,184.461275348155,0.52317880794702
Eif4g1,290.376665349836,0.510444563470809,53.1395064744686,0.540229885057471
Elac2,48.3701890325651,0.527331189710611,33.5939408746641,0.418181818181818
Elp1,199.702002308082,0.534267912772586,70.8526752992915,0.543103448275862
Elp2,71.077737581615,0.457330415754923,80.0146591741998,0.488549618320611
Elp3,83.3646987828132,0.527985074626866,28.096750549719,0.434782608695652
Emb,72.6330491260704,0.471092077087794,160.0293183484,0.553435114503817
Eml4,66.1007406393575,0.498823529411765,53.1395064744686,0.528735632183908
Epb41l2,52.1029367392582,0.358208955223881,31.7615440996824,0.403846153846154
Epcam,40.2825690013967,0.254826254826255,225.384803322746,0.395663956639566
Ephx2,24.729453556842,0.10062893081761,43.9775225995602,0.0694444444444444
Epop,219.609990077112,0.531869688385269,267.529929147325,0.655251141552511
Eprs,328.948391652332,0.521985815602837,131.321768873687,0.483720930232558
Ercc3,61.5903371604366,0.565656565656566,44.5883215245541,0.520547945205479
Ergic1,29.5509193446539,0.589473684210526,57.4150989494258,0.446808510638298
Ero1l,41.8378805458521,0.561338289962825,30.5399462496946,0.44
Erp29,86.4753218717241,0.634892086330935,67.1878817493281,0.563636363636364
Esco2,133.134668205388,0.588785046728972,100.781822623992,0.490909090909091
Esd,91.4523188139816,0.542517006802721,200.342047397997,0.536585365853659
Esf1,29.861981653545,0.479166666666667,46.4207182995358,0.513157894736842
Esrrb,293.798350747638,0.493912122816305,102.00342047398,0.491017964071856
Etaa1,94.2518795940015,0.506600660066007,42.7559247495724,0.414285714285714
Etv5,36.8608836035946,0.493670886075949,95.895431224041,0.54140127388535
Exo1,117.892615069725,0.594986807387863,71.4634742242854,0.666666666666667
Exoc3,38.2606639936046,0.426829268292683,34.8155387246518,0.403508771929825
Exosc10,68.9003014193773,0.568848758465011,56.1935010994381,0.543478260869565
Exosc5,52.7250613570404,0.436578171091445,100.781822623992,0.509090909090909
Exosc7,38.8827886113867,0.456,109.333007573907,0.519553072625698
Exosc8,85.8531972539419,0.442028985507246,112.387002198876,0.554347826086957
Exosc9,25.3515781746242,0.429447852760736,52.5287075494747,0.418604651162791
Ezh2,196.124785755835,0.498810467882633,126.435377473736,0.386473429951691
Ezr,179.638483384607,0.483116883116883,191.790862448082,0.560509554140127
F2rl1,18.5082073790201,0.403361344537815,50.696310774493,0.409638554216867
Faf1,96.2737846017936,0.526655896607431,153.310530173467,0.601593625498008
Faf2,17.4194892979013,0.553571428571429,36.0371365746396,0.508474576271186
Fam114a2,48.9923136503473,0.501587301587302,47.6423161495236,0.384615384615385
Fam169a,53.6582482837137,0.469565217391304,69.6310774493037,0.368421052631579
Fam216a,27.2179520279707,0.565714285714286,26.2643537747374,0.511627906976744
Fam3c,14.3088662089903,0.347826086956522,59.8582946494014,0.571428571428571
Fam91a1,24.2628600935053,0.448717948717949,56.804300024432,0.505376344086022
Fam92a,9.79846273006946,0.46031746031746,54.9719032494503,0.533333333333333
Fanci,75.4326099060903,0.509278350515464,41.5343268995847,0.602941176470588
Fancl,21.3077681590399,0.313868613138686,54.9719032494503,0.522222222222222
Farsa,68.2781768015951,0.735763097949886,87.9550451991204,0.75
Farsb,70.3000818093872,0.533185840707965,132.543366723675,0.465437788018433
Fasn,254.448968672915,0.509168704156479,49.4747129245052,0.506172839506173
Fastkd2,25.6626404835153,0.393939393939394,53.1395064744686,0.597701149425287
Fblim1,151.642875584408,0.344615384615385,89.7874419741021,0.360544217687075
Fbxo21,38.7272574569412,0.429718875502008,48.2531150745175,0.40506329113924
Fbxo42,44.0153167080898,0.441696113074205,29.3183483997068,0.395833333333333
Fdx1,23.1741420123865,0.516778523489933,32.9831419496702,0.592592592592593
Fermt2,26.7513585646341,0.447674418604651,34.8155387246518,0.43859649122807
Fgfr1op2,21.4632993134855,0.514492753623188,50.0855118494991,0.548780487804878
Fh1,114.781991980814,0.44579945799458,152.699731248473,0.52
Fig4,44.1708478625353,0.47887323943662,34.204739799658,0.607142857142857
Fiz1,40.4381001558422,0.553846153846154,65.9662838993403,0.518518518518518
Fkbp9,173.417237206785,0.530044843049327,105.057415098949,0.424418604651163
Flna,127.224484336457,0,57.4150989494258,0
Flnb,206.700904258132,0.574868322046652,48.2531150745175,0.594936708860759
Flot2,26.1292339468519,0.547619047619048,39.701930124603,0.492307692307692
Fn1,530.827830122652,0.516261353647817,254.703151722453,0.498800959232614
Fnta,74.3438918249715,0.654811715481172,153.310530173467,0.589641434262948
Folr1,59.2573698437534,0.700787401574803,62.9122892743709,0.621359223300971
Fto,54.591435210387,0.581196581196581,40.9235279745908,0.626865671641791
Ftsj1,25.3515781746242,0,25.6535548497435,0
Ftsj3,156.930934835557,0.437066402378593,97.1170290740288,0.377358490566038
Fubp1,126.913422027566,0.435049019607843,238.822379672612,0.473145780051151
Fxn,14.1533350545448,0.56043956043956,27.4859516247251,0.622222222222222
Gab1,86.164259562833,0.657039711191336,134.98656242365,0.615384615384615
Gabpa,50.7031563492483,0.51840490797546,57.4150989494258,0.404255319148936
Galk1,64.7009602493475,0.507211538461538,136.208160273638,0.479820627802691
Gars,281.200327237549,0.464048672566372,359.760566821402,0.448217317487267
Gart,286.488386488698,0.440825190010858,169.191302223308,0.404332129963899
Gatd3a,36.0832278313669,0.469827586206897,36.0371365746396,0.610169491525424
Gcdh,22.3964862401588,0.631944444444444,47.0315172245297,0.675324675324675
Gclc,15.0865219812181,0.484536082474227,50.0855118494991,0.463414634146341
Gcsh,59.5684321526445,0.720626631853786,279.745907647203,0.72707423580786
Gdf3,87.564039952843,0.412078152753108,89.7874419741021,0.469387755102041
Gfm1,89.4304138061895,0.464347826086957,48.2531150745175,0.569620253164557
Gga1,45.7261594069908,0.554421768707483,44.5883215245541,0.534246575342466
Gins1,57.8575894537435,0.505376344086022,55.5827021744442,0.505494505494505
Gins4,75.5881410605358,0.637860082304527,117.884192523821,0.647668393782383
Gjb3,62.834586396001,0.559405940594059,145.98094307354,0.510460251046025
Glb1,88.1861645706251,0.291005291005291,45.199120449548,0.364864864864865
Glyr1,21.9298927768221,0.482269503546099,62.9122892743709,0.475728155339806
Gmfb,21.3077681590399,0.481751824817518,66.5770828243342,0.412844036697248
Gnb2,60.5016190793178,0.429305912596401,84.901050574151,0.388489208633094
Gnpat,86.6308530261697,0.633752244165171,138.651355973613,0.748898678414097
Golm1,86.6308530261697,0.447037701974865,37.2587344246274,0.508196721311475
Got1,136.711884757636,0.465301478953356,118.494991448815,0.458762886597938
Gpbp1l1,55.9912156003969,0.572222222222222,33.5939408746641,0.418181818181818
Gpd2,18.197145070129,0.512820512820513,50.696310774493,0.349397590361446
Gpn1,47.7480644147829,0.537459283387622,65.9662838993403,0.5
Gpn2,19.7524566145845,0.480314960629921,30.5399462496946,0.52
Gpn3,49.769969422575,0.459375,65.3554849743465,0.542056074766355
Gpt2,60.0350256159811,0.673575129533679,52.5287075494747,0.627906976744186
Grn,68.2781768015951,0.494305239179954,41.5343268995847,0.544117647058823
Gsr,264.247431402984,0.735138316656857,326.166625946738,0.691011235955056
Gsta4,43.7042543991987,0.370106761565836,469.093574395309,0.397135416666667
Gsto1,45.8816905614364,0.535593220338983,56.1935010994381,0.66304347826087
Gtf2h1,50.0810317314661,0.599378881987578,76.9606645492304,0.650793650793651
Gtf2h2,14.3088662089903,0.619565217391304,43.3667236745663,0.52112676056338
Gtf2h3,51.480812121476,0.293051359516616,72.0742731492793,0.5
Gtf2i,88.1861645706251,0.462081128747795,92.8414365990716,0.486842105263158
Gtf3a,29.0843258813173,0.406417112299465,82.4578548741754,0.422222222222222
Gtf3c3,35.9276966769214,0.432900432900433,39.0911311996091,0.4375
Gtf3c6,29.7064504990995,0.49738219895288,30.5399462496946,0.44
Gtpbp6,75.2770787516447,0.512396694214876,39.701930124603,0.369230769230769
H2az2,63.3011798593376,0.486486486486487,166.137307598339,0.503676470588235
Hadh,64.2343667860109,0.380145278450363,69.6310774493037,0.412280701754386
Hadha,56.4578090637336,0.509641873278237,50.0855118494991,0.463414634146341
Haus1,74.6549541338625,0.608333333333333,79.403860249206,0.546153846153846
Haus3,32.0394178157827,0.451456310679612,34.204739799658,0.535714285714286
Haus4,74.8104852883081,0.453222453222453,80.6254580991938,0.515151515151515
Haus6,36.5498212947035,0.442553191489362,37.2587344246274,0.409836065573771
Haus8,52.1029367392582,0.773134328358209,53.7503053994625,0.761363636363636
Hccs,13.5312104367626,0,28.7075494747129,0
Hcfc1,103.428217706289,0,53.1395064744686,0
Hdac2,60.3460879248722,0.461340206185567,84.2902516491571,0.384057971014493
Hddc2,19.5969254601389,0.301587301587302,38.4803322746152,0.317460317460317
Hdlbp,89.7414761150806,0.493934142114385,42.7559247495724,0.457142857142857
Heatr1,150.865219812181,0.561855670103093,80.0146591741998,0.541984732824427
Heatr3,78.5432329950012,0.788118811881188,37.8695333496213,0.645161290322581
Helb,109.804995038556,0.548158640226629,29.3183483997068,0.4375
Hexa,22.0854239312677,0.584507042253521,54.3611043244564,0.50561797752809
Hexb,41.8378805458521,0.617100371747212,109.943806498901,0.522222222222222
Hibadh,65.9452094849119,0.549528301886792,93.4522355240655,0.444444444444444
Higd2a,38.4161951480501,0.530364372469636,108.111409723919,0.497175141242938
Hk2,220.38764584934,0.452364149611856,80.6254580991938,0.454545454545455
Hmbs,30.4841062713272,0.48469387755102,64.7446860493526,0.584905660377358
Hmces,6.37677733226743,0.48780487804878,151.478133398485,0.637096774193548
Hmgcr,50.2365628859117,0.504643962848297,75.7390666992426,0.540322580645161
Hmgcs1,32.0394178157827,0.354368932038835,59.2474957244075,0.412371134020619
Hmgxb4,44.3263790169809,0.726315789473684,54.3611043244564,0.640449438202247
Hmmr,118.203677378616,0.477631578947368,75.1282677742487,0.552845528455285
Hmox1,77.921108377219,0.632734530938124,37.8695333496213,0.67741935483871
Hnrnpll,37.6385393758224,0.549586776859504,36.0371365746396,0.440677966101695
Hpf1,31.8838866613371,0.624390243902439,131.932567798681,0.74537037037037
Hrob,53.8137794381593,0.430635838150289,34.204739799658,0.339285714285714
Hs6st1,43.3931920903076,0.544802867383513,53.7503053994625,0.5
Hsd17b14,81.6538560839122,0.752380952380952,122.159784998778,0.59
Hsd17b4,49.1478448047928,0.455696202531646,40.3127290495969,0.439393939393939
Hsf2bp,67.967114492704,0.544622425629291,84.2902516491571,0.521739130434783
Hspa14,59.1018386893079,0.531578947368421,127.656975323723,0.473684210526316
Hspbp1,55.8356844459514,0.498607242339833,75.1282677742487,0.504065040650406
Hsph1,141.999944008784,0.582694414019715,199.120449548009,0.616564417177914
Hus1,7.30996425894071,0.404255319148936,32.9831419496702,0.592592592592593
Hyou1,43.2376609358621,0.629496402877698,28.096750549719,0.608695652173913
Iars,265.025087175212,0.482394366197183,119.716589298803,0.459183673469388
Iars2,81.9649183928033,0.529411764705882,65.3554849743465,0.514018691588785
Idh2,72.9441114349615,0.565031982942431,131.932567798681,0.601851851851852
Idh3a,78.0766395316646,0.464143426294821,130.100171023699,0.511737089201878
Idh3b,132.823605896497,0.469555035128806,129.489372098705,0.481132075471698
Ifrd2,72.0109245082883,0.555075593952484,73.295870999267,0.55
Ift46,17.1084269890102,0.327272727272727,47.0315172245297,0.246753246753247
Ift52,11.0427119656338,0.52112676056338,42.1451258245785,0.521739130434783
Igf2bp2,75.2770787516447,0.640495867768595,54.9719032494503,0.488888888888889
Igsf8,35.1500409046936,0.712389380530973,45.8099193745419,0.72
Ik,82.8981053194765,0.448405253283302,47.6423161495236,0.5
Immt,88.9638203428529,0.410839160839161,113.608600048864,0.413978494623656
Imp4,24.8849847112875,0.5625,83.0686537991693,0.397058823529412
Impa2,146.510347487705,0.432059447983015,111.776203273882,0.398907103825137
Impact,30.9506997346639,0.547738693467337,93.4522355240655,0.542483660130719
Impdh1,16.0197089078913,0.456310679611651,26.8751526997312,0.363636363636364
Incenp,58.6352452259712,0.389920424403183,41.5343268995847,0.441176470588235
Inpp5d,36.7053524491491,0.555084745762712,61.0798924993892,0.67
Ints1,165.329617175616,0.492003762935089,37.2587344246274,0.60655737704918
Ints10,100.317594617378,0.576744186046512,76.9606645492304,0.611111111111111
Ints11,109.33840157522,0.574679943100996,84.2902516491571,0.550724637681159
Ints3,33.5947293602382,0.537037037037037,80.6254580991938,0.46969696969697
Ints4,96.118253447348,0.464401294498382,72.0742731492793,0.550847457627119
Ints7,51.0142186581394,0.414634146341463,62.9122892743709,0.475728155339806
Ints8,22.5520173946043,0.427586206896552,50.696310774493,0.433734939759036
Ints9,52.880592511486,0.391176470588235,33.5939408746641,0.381818181818182
Ipo11,81.1872626205755,0.559386973180077,50.0855118494991,0.414634146341463
Ipo4,33.9057916691292,0.637614678899083,32.3723430246763,0.641509433962264
Ipo8,63.6122421682287,0.491442542787286,29.9291473247007,0.428571428571429
Ipo9,89.274882651744,0.465156794425087,67.798680674322,0.531531531531532
Iqgap1,102.028437316279,0.478658536585366,63.5230881993648,0.413461538461538
Ireb2,23.9517977846142,0.506493506493506,73.295870999267,0.516666666666667
Isg20l2,41.9934117002977,0.407407407407407,47.6423161495236,0.423076923076923
Isoc1,22.7075485490499,0.568493150684932,53.1395064744686,0.448275862068966
Itfg1,37.0164147580402,0.605042016806723,37.8695333496213,0.645161290322581
Itgb1,152.420531356636,0.643877551020408,65.3554849743465,0.691588785046729
Itpk1,108.560745802992,0.495702005730659,69.6310774493037,0.62280701754386
Jade3,18.197145070129,0,39.0911311996091,0
Jarid2,74.0328295160804,0.48109243697479,109.943806498901,0.5
Jmjd6,25.5071093290697,0.451219512195122,36.6479354996335,0.583333333333333
Jtb,12.1314300467527,0.628205128205128,47.0315172245297,0.493506493506494
Jup,37.1719459124857,0.234309623430962,28.096750549719,0.173913043478261
Kat2a,73.0996425894071,0.440425531914894,78.7930613242121,0.426356589147287
Katna1,40.1270378469511,0.62015503875969,59.2474957244075,0.474226804123711
Kdm3b,91.7633811228727,0.566101694915254,32.9831419496702,0.611111111111111
Kdm4c,30.4841062713272,0.540816326530612,59.8582946494014,0.510204081632653
Kif11,95.3405976751203,0.585644371941272,100.171023698998,0.530487804878049
Kif18a,47.9035955692285,0.474025974025974,45.8099193745419,0.506666666666667
Kif20a,76.210265678318,0.459183673469388,95.895431224041,0.515923566878981
Kif20b,103.73928001518,0.470764617691154,48.8639139995114,0.625
Kif23,60.9682125426544,0.596938775510204,62.301490349377,0.558823529411765
Kif2c,46.8148774881096,0.508305647840532,83.6794527241632,0.474452554744526
Kif5b,267.20252333745,0.568102444703143,56.804300024432,0.537634408602151
Klf4,61.9013994693277,0.557788944723618,58.6366967994136,0.447916666666667
Klhdc2,24.1073289390598,0.412903225806452,61.0798924993892,0.55
Klhdc3,34.5279162869114,0.405405405405405,28.096750549719,0.652173913043478
Klhdc4,91.9189122773183,0.568527918781726,56.804300024432,0.505376344086022
Knop1,34.8389785958025,0.589285714285714,70.8526752992915,0.586206896551724
Krr1,27.5290143368618,0.661016949152542,67.798680674322,0.513513513513513
Ktn1,82.1204495472488,0.704545454545455,37.8695333496213,0.580645161290323
L1td1,272.179520279707,0.572,180.796481798192,0.537162162162162
L3mbtl2,93.7852861306648,0.449419568822554,65.3554849743465,0.420560747663551
Lactb2,95.4961288295659,0.449511400651466,142.316149523577,0.437768240343348
Lamc1,313.395276207777,0.437220843672457,61.0798924993892,0.43
Larp4,30.9506997346639,0.376884422110553,31.7615440996824,0.461538461538462
Larp7,63.3011798593376,0.567567567567568,96.5062301490349,0.430379746835443
Lars,366.897993337045,0.457821110640102,97.7278279990227,0.5625
Lbr,101.250781544051,0.539170506912442,150.256535548497,0.495934959349593
Lcmt1,39.5049132291689,0.409448818897638,56.1935010994381,0.41304347826087
Ldlr,135.934228985408,0.445080091533181,62.301490349377,0.441176470588235
Lefty1,78.8542953038923,0.530571992110454,79.403860249206,0.415384615384615
Lefty2,98.4512207640312,0.451816745655608,223.552406547764,0.573770491803279
Lgmn,65.3230848671297,0.373809523809524,40.3127290495969,0.318181818181818
Lias,21.3077681590399,0.671532846715328,43.3667236745663,0.549295774647887
Lima1,121.625362776418,0.433503836317136,66.5770828243342,0.55045871559633
Liph,29.3953881902084,0.756613756613757,47.0315172245297,0.649350649350649
Llgl1,47.9035955692285,0.568181818181818,25.6535548497435,0.571428571428571
Llgl2,148.376721341052,0.489517819706499,55.5827021744442,0.571428571428571
Lmnb2,61.7458683148822,0.531486146095718,39.0911311996091,0.484375
Lonp1,119.758988923071,0.471428571428571,69.6310774493037,0.552631578947368
Lonp2,29.2398570357628,0.74468085106383,28.7075494747129,0.659574468085106
Lrpap1,83.9868234005954,0.431481481481481,66.5770828243342,0.440366972477064
Lrpprc,177.305516067924,0.490350877192982,84.901050574151,0.496402877697842
Lrrc40,27.5290143368618,0.265536723163842,61.6906914243831,0.485148514851485
Lrrc42,34.5279162869114,0.513513513513513,44.5883215245541,0.493150684931507
Lrwd1,32.972604742456,0.391509433962264,53.1395064744686,0.379310344827586
Lsg1,74.8104852883081,0.434511434511435,32.3723430246763,0.528301886792453
Lss,91.6078499684272,0.429541595925297,43.3667236745663,0.464788732394366
Lta4h,35.7721655224758,0.543478260869565,39.0911311996091,0.546875
Ltbp4,105.916716177417,0.522760646108664,36.0371365746396,0.576271186440678
Ltn1,124.269392401992,0.490613266583229,34.204739799658,0.535714285714286
Ltv1,79.4764199216745,0.393346379647749,81.2362570241876,0.488721804511278
Ly6e,49.4589071136839,0.455974842767296,38.4803322746152,0.46031746031746
Maged1,50.8586875036939,0,52.5287075494747,0
Manba,172.484050280112,0.336339044183949,148.424138773516,0.218106995884774
Map1s,63.1456487048921,0.711822660098522,65.9662838993403,0.601851851851852
Map4,154.753498673319,0.450251256281407,61.6906914243831,0.544554455445545
Mapk14,46.9704086425552,0.519867549668874,48.8639139995114,0.55
Mapk3,29.5509193446539,0.468421052631579,77.5714634742243,0.551181102362205
Mars1,58.6352452259712,0.480106100795756,49.4747129245052,0.419753086419753
Mat2b,46.0372217158819,0.415540540540541,89.1766430491082,0.438356164383562
Mbtps1,52.4139990481493,0.70919881305638,80.6254580991938,0.643939393939394
Mcf2,32.5060112791193,0,25.0427559247496,0
Mcm10,205.301123868122,0.593939393939394,94.6738333740533,0.464516129032258
Mcm2,286.332855334252,0.470939706681152,332.274615196677,0.455882352941176
Mcm3,423.977927018561,0.519075568598679,285.243097972148,0.522483940042827
Mcm3ap,113.382211590804,0.39917695473251,37.8695333496213,0.290322580645161
Mcm5,311.839964663322,0.712219451371571,249.816760322502,0.67481662591687
Mcm8,40.1270378469511,0.434108527131783,50.696310774493,0.602409638554217
Mcmbp,93.0076303584371,0.603678929765886,53.1395064744686,0.471264367816092
Mcph1,58.6352452259712,0.692307692307692,42.1451258245785,0.565217391304348
Me2,88.1861645706251,0.481481481481481,74.5174688492548,0.622950819672131
Med24,137.022947066527,0.517593643586833,27.4859516247251,0.511111111111111
Med4,20.5301123868122,0.598484848484849,50.0855118494991,0.48780487804878
Melk,144.799504788804,0.512352309344791,70.2418763742976,0.495652173913044
Mettl16,15.5531154445547,0.71,49.4747129245052,0.54320987654321
Mettl5,19.1303319968023,0.430894308943089,47.0315172245297,0.402597402597403
Mfge8,108.405214648546,0.500717360114778,93.4522355240655,0.503267973856209
Mfsd1,50.2365628859117,0.46749226006192,32.9831419496702,0.462962962962963
Mfsd14a,43.7042543991987,0.348754448398576,49.4747129245052,0.54320987654321
Mfsd5,17.1084269890102,0.536363636363636,32.3723430246763,0.528301886792453
Mga,109.960526193002,0.565770862800566,76.3498656242365,0.472
Mia2,106.072247331863,0.56891495601173,67.1878817493281,0.554545454545455
Miga1,28.6177324179806,0.548913043478261,57.4150989494258,0.638297872340426
Mindy1,26.2847651012974,0.254437869822485,51.3071096994869,0.357142857142857
Mios,47.5925332603374,0.464052287581699,50.0855118494991,0.524390243902439
Mipep,16.6418335256735,0.607476635514019,43.3667236745663,0.71830985915493
Mki67,162.841118704488,0.491881566380134,62.301490349377,0.509803921568627
Mkrn2,23.1741420123865,0.436241610738255,36.6479354996335,0.55
Mllt10,26.7513585646341,0.598837209302326,42.1451258245785,0.463768115942029
Mmadhc,43.3931920903076,0.562724014336918,70.8526752992915,0.612068965517241
Mms19,75.1215475971992,0.532091097308489,31.7615440996824,0.5
Mms22l,68.7447702649318,0.445701357466063,44.5883215245541,0.465753424657534
Morc1,341.079821699085,0.652074783401733,160.0293183484,0.67175572519084
Morc3,52.880592511486,0.5,47.6423161495236,0.576923076923077
Mov10,164.551961403389,0.441398865784499,65.3554849743465,0.579439252336449
Mpg,17.2639581434557,0.369369369369369,45.8099193745419,0.52
Mphosph10,52.4139990481493,0.629080118694362,82.4578548741754,0.562962962962963
Mphosph8,33.4391982057926,0.53953488372093,41.5343268995847,0.411764705882353
Mpnd,46.348284024773,0.385906040268456,73.9066699242609,0.413223140495868
Mre11a,106.227778486309,0.527086383601757,48.8639139995114,0.525
Mrpl13,24.5739224023964,0.468354430379747,138.04055704862,0.530973451327434
Mrpl17,41.21575592807,0.452830188679245,255.313950647447,0.502392344497608
Mrpl19,52.7250613570404,0.421828908554572,75.1282677742487,0.463414634146341
Mrpl3,57.0799336815157,0.572207084468665,62.9122892743709,0.601941747572815
Mrpl39,71.5443310449516,0.517391304347826,108.722208648913,0.561797752808989
Mrpl4,63.3011798593376,0.484029484029484,127.04617639873,0.533653846153846
Mrpl43,55.9912156003969,0.375,84.901050574151,0.467625899280576
Mrpl44,47.9035955692285,0.5,41.5343268995847,0.588235294117647
Mrpl46,37.9496016847135,0.528688524590164,61.6906914243831,0.514851485148515
Mrpl47,37.9496016847135,0.426229508196721,86.1226484241388,0.475177304964539
Mrpl48,27.6845454913074,0.460674157303371,44.5883215245541,0.493150684931507
Mrpl55,10.7316496567427,0.376811594202899,42.7559247495724,0.371428571428571
Mrpl9,37.3274770669313,0.466666666666667,75.1282677742487,0.414634146341463
Mrps10,71.6998621993972,0.509761388286334,64.1338871243587,0.466666666666667
Mrps12,47.4370021058918,0.40327868852459,108.111409723919,0.401129943502825
Mrps15,56.1467467548425,0.551246537396122,123.381382848766,0.534653465346535
Mrps16,61.4348060059911,0.564556962025316,162.472514048375,0.597744360902256
Mrps24,22.0854239312677,0.514084507042254,171.02369899829,0.642857142857143
Mrps25,20.9967058501488,0.407407407407407,83.6794527241632,0.467153284671533
Mrps27,47.7480644147829,0.625407166123778,78.1822623992182,0.4921875
Mrps28,24.5739224023964,0.493670886075949,110.554605423894,0.502762430939227
Mrps30,136.245291294299,0.468036529680365,117.273393598827,0.447916666666667
Mrps31,33.5947293602382,0.574074074074074,69.6310774493037,0.649122807017544
Mrps35,53.3471859748226,0.504373177842566,83.6794527241632,0.452554744525547
Mrps5,74.8104852883081,0.386694386694387,43.3667236745663,0.450704225352113
Mrps9,16.6418335256735,0.383177570093458,80.0146591741998,0.526717557251908
Msh2,337.969198610174,0.404049700874367,197.898851698021,0.472222222222222
Msh6,139.978039000992,0.465555555555556,229.660395797703,0.550531914893617
Msmo1,85.8531972539419,0.666666666666667,166.137307598339,0.654411764705882
Msn,34.2168539780203,0.0318181818181818,36.0371365746396,0
Msto1,82.5870430105854,0.491525423728814,31.1507451746885,0.352941176470588
Mtarc2,85.2310726361598,0.529197080291971,79.403860249206,0.692307692307692
Mtfr1,40.1270378469511,0.565891472868217,61.0798924993892,0.58
Mtfr1l,22.2409550857132,0.314685314685315,39.0911311996091,0.453125
Mthfd1,79.0098264583379,0.456692913385827,125.824578548742,0.441747572815534
Mthfd1l,80.8762003116844,0.509615384615385,45.8099193745419,0.56
Mtmr7,31.2617620435549,0.701492537313433,40.3127290495969,0.636363636363636
Mtrex,60.1905567704267,0.490956072351421,76.3498656242365,0.48
Mvb12a,58.3241829170801,0.674666666666667,103.835817248962,0.635294117647059
Mvd,48.2146578781196,0.751612903225806,40.9235279745908,0.671641791044776
Mybl2,378.873892229352,0.425287356321839,268.751526997312,0.411363636363636
Mycn,121.003238158636,0.638817480719794,85.5118494991449,0.614285714285714
Myh9,263.469775630757,0.509445100354191,52.5287075494747,0.453488372093023
Myo10,200.168595771419,0.4001554001554,75.7390666992426,0.379032258064516
Myo1b,48.5257201870107,0.355769230769231,31.1507451746885,0.392156862745098
Mzt2,26.440296255743,0.676470588235294,86.1226484241388,0.787234042553192
N4bp1,67.6560521838129,0.680459770114943,57.4150989494258,0.776595744680851
N4bp2l2,51.7918744303671,0.48948948948949,55.5827021744442,0.450549450549451
Naa15,55.5246221370603,0.546218487394958,53.7503053994625,0.511363636363636
Naa16,53.9693105926048,0.60806916426513,28.096750549719,0.434782608695652
Naa25,77.7655772227735,0.44,52.5287075494747,0.441860465116279
Naa35,82.5870430105854,0.487758945386064,59.8582946494014,0.530612244897959
Nadk2,59.5684321526445,0.443864229765013,64.7446860493526,0.518867924528302
Nae1,61.2792748515455,0.606598984771574,115.440996823846,0.624338624338624
Nans,77.7655772227735,0.494,69.6310774493037,0.491228070175439
Nat10,62.2124617782188,0.5425,44.5883215245541,0.438356164383562
Naxe,32.6615424335649,0.438095238095238,53.7503053994625,0.534090909090909
Nbr1,72.0109245082883,0.68682505399568,80.6254580991938,0.681818181818182
Ncapd2,558.667906768405,0.418429844097996,119.716589298803,0.403061224489796
Ncapg,64.3898979404564,0.51207729468599,87.9550451991204,0.569444444444444
Ncaph,47.2814709514463,0.516447368421053,40.9235279745908,0.567164179104478
Ncbp1,28.4622012635351,0.371584699453552,58.0258978744197,0.515789473684211
Ncoa3,94.7184730573381,0.486042692939245,53.1395064744686,0.517241379310345
Ndc1,56.9244025270702,0.530054644808743,56.1935010994381,0.5
Nde1,18.0416139156834,0.293103448275862,47.0315172245297,0.467532467532468
Ndufa10,58.013120608189,0.46112600536193,112.99780112387,0.540540540540541
Ndufa5,57.7020582992979,0.555256064690027,153.921329098461,0.523809523809524
Ndufa6,38.5717263024957,0.475806451612903,296.237478622038,0.476288659793814
Ndufaf1,17.5750204523468,0.327433628318584,33.5939408746641,0.490909090909091
Ndufaf2,13.375679282317,0.581395348837209,42.1451258245785,0.391304347826087
Ndufb2,46.9704086425552,0.470198675496689,203.396042022966,0.585585585585586
Ndufb8,24.1073289390598,0.464516129032258,337.161006596628,0.536231884057971
Ndufc2,103.583748860734,0.527027027027027,257.757146347422,0.457345971563981
Ndufs1,38.5717263024957,0.504032258064516,92.2306376740777,0.556291390728477
Ndufv1,93.7852861306648,0.424543946932007,91.0090398240899,0.503355704697987
Nectin2,34.9945097502481,0.564444444444444,39.0911311996091,0.453125
Nelfa,43.5487232447532,0.589285714285714,28.7075494747129,0.340425531914894
Nelfb,29.0843258813173,0.358288770053476,49.4747129245052,0.54320987654321
Nfe2l2,83.9868234005954,0.483333333333333,62.9122892743709,0.543689320388349
Nfkbib,28.3066701090896,0.357142857142857,43.3667236745663,0.549295774647887
Nfu1,38.8827886113867,0.436,102.00342047398,0.467065868263473
Nfx1,36.5498212947035,0.587234042553191,26.8751526997312,0.545454545454545
Ngrn,28.7732635724262,0.340540540540541,52.5287075494747,0.476744186046512
Nid2,349.789566348035,0.547799021787461,109.943806498901,0.577777777777778
Nip7,41.6823493914066,0.723880597014925,199.731248473003,0.681957186544342
Nln,24.8849847112875,0.68125,36.6479354996335,0.5
Nme1,70.1445506549417,0.647450110864745,506.352308819936,0.556091676718938
Nme6,51.6363432759216,0.439759036144578,45.199120449548,0.513513513513513
Nob1,120.536644695299,0.721290322580645,134.375763498656,0.65
Noc2l,760.547345238725,0.478323108384458,140.483752748595,0.534782608695652
Noc4l,87.7195711072885,0.523049645390071,69.0202785243098,0.513274336283186
Noct,21.1522370045944,0.360294117647059,35.4263376496457,0.275862068965517
Nodal,55.6801532915058,0.460893854748603,52.5287075494747,0.325581395348837
Nol10,70.1445506549417,0.52549889135255,54.9719032494503,0.488888888888889
Nol11,89.1193514972984,0.581151832460733,81.8470559491815,0.492537313432836
Nol12,18.8192696879112,0.454545454545455,56.804300024432,0.387096774193548
Nol6,105.761185022972,0.538235294117647,53.7503053994625,0.556818181818182
Nomo1,168.751302573418,0.482027649769585,54.3611043244564,0.471910112359551
Nop14,65.9452094849119,0.535377358490566,66.5770828243342,0.422018348623853
Nop9,38.7272574569412,0.542168674698795,62.9122892743709,0.466019417475728
Nosip,50.3920940403572,0.521604938271605,48.8639139995114,0.5375
Npm3,137.645071684309,0.534463276836158,120.327388223797,0.487309644670051
Nr0b1,51.480812121476,0.00302114803625378,78.1822623992182,0
Nsd1,154.753498673319,0.574874371859296,54.9719032494503,0.577777777777778
Nsf,60.5016190793178,0.470437017994859,47.0315172245297,0.519480519480519
Nsun2,143.399724398794,0.495661605206074,199.120449548009,0.515337423312883
Nt5c3b,22.2409550857132,0.426573426573427,29.3183483997068,0.583333333333333
Nt5dc2,60.9682125426544,0.454081632653061,91.6198387490838,0.44
Nubp1,80.5651380027933,0.351351351351351,73.295870999267,0.358333333333333
Nudt1,29.3953881902084,0.380952380952381,58.6366967994136,0.447916666666667
Nudt19,14.3088662089903,0.380434782608696,53.1395064744686,0.32183908045977
Nudt4,64.0788356315654,0.439320388349515,139.872953823601,0.502183406113537
Nudt5,31.7283555068916,0.598039215686274,72.0742731492793,0.483050847457627
Nuf2,29.0843258813173,0.60427807486631,26.2643537747374,0.488372093023256
Nufip1,31.7283555068916,0.446078431372549,75.1282677742487,0.471544715447154
Nup133,180.260608002389,0.595340811044003,90.398240899096,0.601351351351351
Nup153,110.582650810784,0.531645569620253,42.1451258245785,0.463768115942029
Nup155,108.249683494101,0.436781609195402,56.1935010994381,0.478260869565217
Nup188,215.566180061528,0.499278499278499,95.895431224041,0.522292993630573
Nup205,137.489540529864,0.547511312217195,83.0686537991693,0.411764705882353
Nup210,179.949545693498,0.472774416594641,36.0371365746396,0.338983050847458
Nup62,70.4556129638328,0.470198675496689,70.8526752992915,0.448275862068966
Nup93,73.8772983616348,0.627368421052632,47.0315172245297,0.701298701298701
Nusap1,49.6144382681295,0.429467084639498,87.3442462741265,0.405594405594406
Nvl,96.7403780651302,0.461414790996785,70.2418763742976,0.48695652173913
Nxf1,76.8323902961002,0.491902834008097,50.0855118494991,0.451219512195122
Oat,60.9682125426544,0.26530612244898,62.9122892743709,0.339805825242718
Ogdhl,208.256215802587,0.516056758775205,55.5827021744442,0.813186813186813
Ogfod1,57.0799336815157,0.670299727520436,27.4859516247251,0.755555555555556
Ooep,10.7316496567427,0.608695652173913,121.548986073785,0.492462311557789
Opa1,109.33840157522,0.536273115220484,35.4263376496457,0.568965517241379
Orc1,88.0306334161796,0.553003533568905,42.1451258245785,0.550724637681159
Orc2,31.572824352446,0.364532019704433,64.7446860493526,0.462264150943396
Orc4,11.3537742745249,0.493150684931507,47.0315172245297,0.558441558441558
Orc6,64.3898979404564,0.666666666666667,188.126068898119,0.659090909090909
Osbpl1a,25.0405158657331,0.602484472049689,39.0911311996091,0.703125
Osgep,67.5005210293674,0.368663594470046,119.105790373809,0.4
Otud4,45.7261594069908,0.700680272108844,45.199120449548,0.594594594594595
Oxa1l,48.6812513414562,0.482428115015974,88.5658441241143,0.413793103448276
Oxct1,39.81597553806,0.5234375,75.1282677742487,0.414634146341463
P4hb,123.025143166428,0.402022756005057,105.668214023943,0.445086705202312
Pafah1b3,32.8170735880104,0.554502369668246,67.798680674322,0.585585585585586
Paics,111.360306583012,0.575418994413408,787.930613242121,0.570542635658915
Pak1,34.9945097502481,0.626666666666667,42.1451258245785,0.565217391304348
Pak4,71.5443310449516,0.391304347826087,35.4263376496457,0.568965517241379
Pald1,144.021849016577,0.421166306695464,61.6906914243831,0.485148514851485
Parg,28.6177324179806,0.46195652173913,30.5399462496946,0.62
Parn,60.1905567704267,0.591731266149871,27.4859516247251,0.511111111111111
Parp1,348.700848266916,0.452720785013381,312.118250671879,0.499021526418787
Parp2,61.5903371604366,0.51010101010101,47.0315172245297,0.649350649350649
Pcgf6,21.618830467931,0.438848920863309,76.3498656242365,0.536
Pcid2,66.4118029482486,0.599531615925059,56.804300024432,0.720430107526882
Pck2,113.84880505414,0.62431693989071,50.0855118494991,0.75609756097561
Pcm1,82.1204495472488,0.706439393939394,58.0258978744197,0.673684210526316
Pcolce,108.405214648546,0.496413199426112,76.9606645492304,0.436507936507937
Pcolce2,43.0821297814165,0.411552346570397,56.1935010994381,0.619565217391304
Pdcd11,165.951741793399,0.525773195876289,49.4747129245052,0.518518518518518
Pdcd2l,44.4819101714264,0.475524475524476,64.1338871243587,0.40952380952381
Pdcd7,35.4611032135847,0.368421052631579,39.701930124603,0.446153846153846
Pde12,43.0821297814165,0.458483754512635,40.9235279745908,0.447761194029851
Pdia4,69.8334883460506,0.489977728285078,64.7446860493526,0.518867924528302
Pdk1,25.1960470201786,0.530864197530864,164.304910823357,0.494423791821561
Pdlim1,23.4852043212776,0.443708609271523,106.889811873931,0.462857142857143
Pdlim5,13.9978039000992,0.5,40.9235279745908,0.447761194029851
Pdxdc1,29.2398570357628,0.271276595744681,26.8751526997312,0.204545454545455
Pecam1,53.3471859748226,0.635568513119534,43.3667236745663,0.647887323943662
Pef1,15.8641777534458,0.617647058823529,53.7503053994625,0.568181818181818
Peg3,76.0547345238725,0.333333333333333,39.0911311996091,0.359375
Pelp1,139.511445537656,0.490523968784838,65.3554849743465,0.457943925233645
Pepd,40.9046936191789,0.520912547528517,37.2587344246274,0.39344262295082
Pes1,69.2113637282684,0.514606741573034,104.446616173956,0.502923976608187
Pex13,15.8641777534458,0.519607843137255,35.4263376496457,0.706896551724138
Pfas,223.031675474914,0.555090655509066,72.0742731492793,0.550847457627119
Pfdn1,35.3055720591392,0.599118942731278,213.779623747862,0.517142857142857
Pfdn4,44.7929724803175,0.513888888888889,110.554605423894,0.50828729281768
Pfdn6,47.9035955692285,0.422077922077922,83.0686537991693,0.485294117647059
Pfkl,134.378917440953,0.52662037037037,191.180063523088,0.616613418530351
Pfkp,127.224484336457,0.550122249388753,81.2362570241876,0.646616541353383
Pgam5,44.4819101714264,0.447552447552448,73.9066699242609,0.628099173553719
Pgd,108.716276957437,0.402002861230329,156.97532372343,0.334630350194553
Pgm1,45.1040347892086,0.544827586206897,52.5287075494747,0.36046511627907
Pgm2,86.3197907172786,0.69009009009009,37.8695333496213,0.5
Phax,29.0843258813173,0.566844919786096,68.4094795993159,0.464285714285714
Phc1,152.887124819973,0.435401831129196,114.219398973858,0.390374331550802
Phrf1,64.3898979404564,0.485507246376812,41.5343268995847,0.382352941176471
Phyh,53.0361236659315,0.202346041055718,45.199120449548,0.310810810810811
Picalm,28.7732635724262,0.459459459459459,54.3611043244564,0.561797752808989
Pigs,73.2551737438526,0.469214437367304,35.4263376496457,0.603448275862069
Pih1d1,48.059126723674,0.540453074433657,57.4150989494258,0.606382978723404
Pitrm1,81.8093872383577,0.494296577946768,105.668214023943,0.421965317919075
Pkig,13.0646169734259,0.30952380952381,31.1507451746885,0.549019607843137
Pkn2,25.0405158657331,0.422360248447205,43.9775225995602,0.430555555555556
Plaa,107.627558876319,0.472543352601156,136.818959198632,0.544642857142857
Plekha4,16.6418335256735,0.532710280373832,25.6535548497435,0.404761904761905
Plin3,120.381113540853,0.604651162790698,122.770583923772,0.597014925373134
Plk1,88.4972268795162,0.476274165202109,88.5658441241143,0.441379310344828
Plk4,30.0175128079906,0.435233160621762,40.3127290495969,0.5
Plod2,26.440296255743,0.423529411764706,25.0427559247496,0.707317073170732
Plpp1,19.1303319968023,0.528455284552846,32.3723430246763,0.339622641509434
Plscr1,18.197145070129,0.47008547008547,41.5343268995847,0.691176470588235
Pltp,39.1938509202778,0.51984126984127,36.0371365746396,0.559322033898305
Pml,98.2956896095857,0.549050632911392,96.5062301490349,0.5
Pmm1,152.109469047745,0.539877300613497,263.865135597361,0.435185185185185
Pmpcb,41.9934117002977,0.574074074074074,93.4522355240655,0.620915032679739
Pmvk,34.683447441357,0.354260089686099,40.3127290495969,0.227272727272727
Pnn,80.4096068483478,0.462282398452611,59.2474957244075,0.45360824742268
Pnpla6,74.1883606705259,0.786163522012579,30.5399462496946,0.64
Pnpt1,20.6856435412578,0.62406015037594,40.3127290495969,0.560606060606061
Pola1,25.0405158657331,0,58.0258978744197,0
Pola2,128.779795880913,0.457729468599034,64.1338871243587,0.561904761904762
Pold1,239.517977846142,0.416233766233766,55.5827021744442,0.395604395604396
Pole,81.1872626205755,0.318007662835249,40.9235279745908,0.328358208955224
Pole2,79.7874822305656,0.522417153996101,49.4747129245052,0.567901234567901
Polr1a,70.4556129638328,0.441501103752759,54.9719032494503,0.444444444444444
Polr1e,65.7896783304664,0.522458628841608,41.5343268995847,0.573529411764706
Polr2a,55.2135598281692,0.498591549295775,28.096750549719,0.543478260869565
Polr2b,139.822507846547,0.397107897664071,76.3498656242365,0.472
Polr3g,23.329673166832,0.426666666666667,52.5287075494747,0.441860465116279
Ppa2,36.8608836035946,0.39662447257384,91.0090398240899,0.422818791946309
Ppan,109.960526193002,0.462517680339463,47.0315172245297,0.467532467532468
Ppid,242.784132089499,0.437540038436899,374.419741021256,0.479608482871126
Ppif,79.6319510761201,0.478515625,72.6850720742732,0.521008403361345
Ppil1,71.8553933538427,0.422077922077922,144.759345223552,0.481012658227848
Ppil4,19.4413943056934,0.496,33.5939408746641,0.581818181818182
Ppme1,16.7973646801191,0.583333333333333,34.204739799658,0.535714285714286
Ppp1r15b,99.8510011540412,0.56386292834891,34.204739799658,0.482142857142857
Ppp1r8,65.6341471760208,0.464454976303318,91.6198387490838,0.493333333333333
Ppp5c,50.7031563492483,0.506134969325153,64.7446860493526,0.566037735849057
Pprc1,284.31095032646,0.481400437636761,68.4094795993159,0.446428571428571
Prdm14,81.4983249294666,0.877862595419847,25.0427559247496,0.878048780487805
Prdm4,31.1062308891094,0.515,36.6479354996335,0.466666666666667
Prep,98.4512207640312,0.445497630331754,84.2902516491571,0.456521739130435
Prim2,86.164259562833,0.537906137184116,48.8639139995114,0.4125
Primpol,15.0865219812181,0.814432989690722,26.2643537747374,0.790697674418605
Prkaa1,19.4413943056934,0.52,31.7615440996824,0.519230769230769
Prkab1,20.8411746957033,0.507462686567164,25.0427559247496,0.634146341463415
Prkag1,13.2201481278715,0.576470588235294,29.9291473247007,0.591836734693878
Prkar1a,69.2113637282684,0.573033707865168,83.6794527241632,0.598540145985402
Prkci,26.5958274101885,0.415204678362573,62.301490349377,0.362745098039216
Prkcsh,63.1456487048921,0.517241379310345,38.4803322746152,0.603174603174603
Prmt3,71.5443310449516,0.534782608695652,105.668214023943,0.445086705202312
Prmt5,98.2956896095857,0.45253164556962,133.764964573662,0.415525114155251
Prorp,34.683447441357,0.807174887892377,61.6906914243831,0.633663366336634
Prpf19,112.760086973022,0.47448275862069,61.6906914243831,0.415841584158416
Prpf31,54.4359040559414,0.46,84.2902516491571,0.5
Prpf8,268.446772573014,0.524913093858633,65.9662838993403,0.592592592592593
Prpsap2,20.3745812323667,0.458015267175573,45.199120449548,0.324324324324324
Prrc1,90.0525384239717,0.200345423143351,64.1338871243587,0.20952380952381
Prrc2b,163.46324332227,0.534728829686013,59.2474957244075,0.597938144329897
Psap,195.969254601389,0.457142857142857,37.2587344246274,0.459016393442623
Psmb4,86.7863841806152,0.510752688172043,268.751526997312,0.422727272727273
Psmb7,103.73928001518,0.44527736131934,389.689714146103,0.470219435736677
Psmd1,150.554157503289,0.509297520661157,125.213779623748,0.482926829268293
Psmd12,103.272686551843,0.549698795180723,191.180063523088,0.520766773162939
Psmd5,36.8608836035946,0.438818565400844,76.3498656242365,0.408
Psmd7,134.534448595398,0.655491329479769,244.930368922551,0.618453865336658
Psme4,65.7896783304664,0.449172576832151,51.9179086244808,0.352941176470588
Psmg4,16.6418335256735,0.439252336448598,84.901050574151,0.647482014388489
Psph,35.7721655224758,0.552173913043478,66.5770828243342,0.477064220183486
Psrc1,89.274882651744,0.447735191637631,100.781822623992,0.472727272727273
Ptcd3,74.9660164427536,0.553941908713693,120.938187148791,0.474747474747475
Ptdss1,15.8641777534458,0.470588235294118,26.2643537747374,0.488372093023256
Ptgr1,178.549765303488,0.895470383275261,282.189103347178,0.80952380952381
Pttg1,119.914520077517,0.788586251621271,206.450036647935,0.825443786982249
Pttg1ip,21.618830467931,0.539568345323741,52.5287075494747,0.604651162790698
Pum3,142.466537472121,0.525109170305677,103.225018323968,0.497041420118343
Pus7,39.1938509202778,0.571428571428571,39.0911311996091,0.421875
Pwp2,30.4841062713272,0.5,28.096750549719,0.565217391304348
Pycr2,76.210265678318,0.404081632653061,122.770583923772,0.393034825870647
Qtrt1,32.3504801246738,0.480769230769231,26.8751526997312,0.590909090909091
Rab21,27.3734831824163,0.556818181818182,37.8695333496213,0.645161290322581
Rab4a,26.1292339468519,0.708333333333333,45.8099193745419,0.64
Rabggta,63.7677733226743,0.590243902439024,40.9235279745908,0.611940298507463
Rabggtb,59.1018386893079,0.457894736842105,159.418519423406,0.551724137931034
Racgap1,65.0120225582386,0.476076555023923,51.9179086244808,0.494117647058824
Rad21,173.883830670122,0.428443649373882,218.666015147813,0.474860335195531
Rad23b,62.9901175504465,0.590123456790123,152.088932323479,0.485943775100402
Rad50,20.3745812323667,0.389312977099237,31.1507451746885,0.470588235294118
Rad9a,18.0416139156834,0.577586206896552,25.0427559247496,0.292682926829268
Raf1,62.9901175504465,0.496296296296296,51.9179086244808,0.505882352941176
Ralb,37.9496016847135,0.647540983606557,30.5399462496946,0.54
Ralbp1,145.421629406586,0.414973262032086,36.0371365746396,0.355932203389831
Rapgef1,34.0613228235748,0.547945205479452,39.701930124603,0.461538461538462
Rars,123.336205475319,0.548549810844893,164.915709748351,0.481481481481481
Rbfa,37.1719459124857,0.301255230125523,43.9775225995602,0.277777777777778
Rbm19,68.9003014193773,0.512415349887133,26.2643537747374,0.604651162790698
Rbm22,29.0843258813173,0.502673796791444,42.1451258245785,0.478260869565217
Rbm28,63.6122421682287,0.41320293398533,50.696310774493,0.433734939759036
Rcc1l,28.151138954644,0.574585635359116,36.0371365746396,0.610169491525424
Rchy1,20.5301123868122,0.53030303030303,32.3723430246763,0.471698113207547
Rcl1,78.5432329950012,0.471287128712871,53.1395064744686,0.517241379310345
Rdh11,33.4391982057926,0.776744186046512,86.1226484241388,0.843971631205674
Rdm1,47.4370021058918,0.367213114754098,52.5287075494747,0.325581395348837
Rdx,142.622068626567,0.580152671755725,119.105790373809,0.476923076923077
Reps1,68.4337079560407,0.459090909090909,50.696310774493,0.602409638554217
Rest,151.798406738854,0.402663934426229,114.830197898852,0.457446808510638
Retsat,15.7086465990002,0.851485148514851,39.0911311996091,0.875
Rfc1,192.080975740251,0.473684210526316,94.0630344490594,0.474025974025974
Rif1,220.698708158231,0.520084566596195,86.7334473491327,0.47887323943662
Riok2,88.0306334161796,0.425795053003534,64.7446860493526,0.622641509433962
Riok3,26.5958274101885,0.385964912280702,39.0911311996091,0.53125
Riox1,26.440296255743,0.635294117647059,39.701930124603,0.630769230769231
Rlim,14.6199285178814,0,50.696310774493,0
Rnaseh1,42.4600051636343,0.315018315018315,25.0427559247496,0.48780487804878
Rnaseh2a,89.1193514972984,0.612565445026178,144.148546298559,0.73728813559322
Rnaseh2b,97.518033837358,0.382775119617225,112.99780112387,0.47027027027027
Rnf17,82.5870430105854,0.105461393596987,40.3127290495969,0.136363636363636
Rnf19b,46.9704086425552,0.456953642384106,39.0911311996091,0.46875
Rnh1,64.7009602493475,0.399038461538462,74.5174688492548,0.459016393442623
Rnmt,42.3044740091888,0.5625,95.2846322990471,0.532051282051282
Rogdi,42.6155363180799,0.583941605839416,41.5343268995847,0.647058823529412
Rp9,19.4413943056934,0.448,56.804300024432,0.548387096774194
Rpa1,132.045950124269,0.573616018845701,178.353286098216,0.568493150684932
Rpa2,185.393136099092,0.594798657718121,152.088932323479,0.606425702811245
Rpap1,216.965960451538,0.506810035842294,55.5827021744442,0.43956043956044
Rpap3,41.526818236961,0.524344569288389,36.0371365746396,0.576271186440678
Rpf1,21.1522370045944,0.551470588235294,82.4578548741754,0.577777777777778
Rpf2,42.7710674725254,0.570909090909091,125.824578548742,0.524271844660194
Rpl10l,26.1292339468519,0.5,51.9179086244808,0.482352941176471
Rpp30,14.3088662089903,0.521739130434783,61.0798924993892,0.51
Rpp40,25.6626404835153,0.4,48.8639139995114,0.55
Rps6ka1,41.3712870825155,0.443609022556391,70.2418763742976,0.408695652173913
Rps6ka6,15.8641777534458,0,65.9662838993403,0
Rrm1,84.453416863932,0.388581952117864,164.304910823357,0.513011152416357
Rrp12,130.490638579814,0.519666269368296,45.199120449548,0.567567567567568
Rrp15,25.5071093290697,0.548780487804878,89.7874419741021,0.510204081632653
Rrp1b,146.043754024369,0.485623003194888,88.5658441241143,0.572413793103448
Rrp36,53.8137794381593,0.592485549132948,43.9775225995602,0.569444444444444
Rrp9,54.9024975192781,0.526912181303116,75.1282677742487,0.495934959349593
Rtca,43.0821297814165,0.314079422382672,49.4747129245052,0.382716049382716
Rtf2,37.1719459124857,0.376569037656904,41.5343268995847,0.426470588235294
Rtn4,113.84880505414,0.516393442622951,94.0630344490594,0.506493506493506
S100a13,24.5739224023964,0.335443037974684,67.798680674322,0.27027027027027
Saal1,60.0350256159811,0.544041450777202,62.9122892743709,0.572815533980582
Sac3d1,40.1270378469511,0.457364341085271,39.0911311996091,0.46875
Sall4,108.871808111883,0.487142857142857,119.716589298803,0.433673469387755
Samhd1,44.4819101714264,0.454545454545455,28.096750549719,0.347826086956522
Samm50,51.6363432759216,0.530120481927711,149.645736623504,0.546938775510204
Sap30bp,27.5290143368618,0.333333333333333,41.5343268995847,0.397058823529412
Saraf,19.1303319968023,0.682926829268293,51.3071096994869,0.571428571428571
Sars2,41.526818236961,0.528089887640449,41.5343268995847,0.529411764705882
Sart1,35.9276966769214,0.424242424242424,32.3723430246763,0.471698113207547
Sart3,115.24858544415,0.497975708502024,41.5343268995847,0.558823529411765
Sbds,52.2584678937038,0.443452380952381,66.5770828243342,0.44954128440367
Scaf11,158.641777534458,0.588235294117647,64.7446860493526,0.39622641509434
Scarb1,32.3504801246738,0.346153846153846,43.9775225995602,0.375
Scd1,66.4118029482486,0.522248243559719,70.8526752992915,0.482758620689655
Scp2,24.4183912479509,0.280254777070064,36.0371365746396,0.23728813559322
Sdad1,40.2825690013967,0.474903474903475,49.4747129245052,0.45679012345679
Sdf2,14.3088662089903,0.478260869565217,51.9179086244808,0.517647058823529
Sdf4,54.9024975192781,0.453257790368272,91.6198387490838,0.553333333333333
Sdha,216.343835833756,0.401150251617541,210.114830197899,0.505813953488372
Sdr39u1,23.7962666301687,0.594771241830065,28.096750549719,0.630434782608696
Sec22b,32.3504801246738,0.5625,43.9775225995602,0.513888888888889
Sec23ip,58.9463075348623,0.480211081794195,33.5939408746641,0.418181818181818
Sec31a,108.560745802992,0.505730659025788,73.9066699242609,0.429752066115702
Senp2,46.1927528703275,0.64983164983165,94.6738333740533,0.567741935483871
Senp6,70.6111441182783,0.572687224669604,33.5939408746641,0.490909090909091
Septin11,63.7677733226743,0.565853658536585,93.4522355240655,0.542483660130719
Septin9,109.182870420774,0.447293447293447,65.3554849743465,0.532710280373832
Serinc3,98.9178142273679,0.772012578616352,85.5118494991449,0.614285714285714
Serpinb6a,124.424923556438,0.61,123.381382848766,0.534653465346535
Serpinb6c,36.7053524491491,0.73728813559322,27.4859516247251,0.711111111111111
Setd2,91.9189122773183,0.534686971235195,28.096750549719,0.717391304347826
Setdb1,31.7283555068916,0.480392156862745,30.5399462496946,0.6
Setx,124.269392401992,0.436795994993742,45.8099193745419,0.333333333333333
Sf3a3,46.5038151792185,0.474916387959866,103.225018323968,0.538461538461538
Sf3b1,214.010868517073,0.509447674418605,131.932567798681,0.486111111111111
Sfxn1,28.9287947268717,0.543010752688172,48.2531150745175,0.518987341772152
Sgo1,34.9945097502481,0.568888888888889,67.798680674322,0.522522522522523
Sgo2a,182.904637627963,0.410714285714286,81.2362570241876,0.398496240601504
Sh3bp4,95.1850665206748,0.30718954248366,32.9831419496702,0.351851851851852
Sh3gl1,60.5016190793178,0.452442159383033,37.2587344246274,0.508196721311475
Shcbp1,37.1719459124857,0.711297071129707,55.5827021744442,0.659340659340659
Shkbp1,52.1029367392582,0.444776119402985,29.9291473247007,0.469387755102041
Shmt2,46.6593463336641,0.433333333333333,130.100171023699,0.553990610328638
Shoc2,14.4643973634359,0.666666666666667,32.9831419496702,0.444444444444444
Ska3,80.8762003116844,0.407692307692308,37.2587344246274,0.377049180327869
Slc10a7,14.1533350545448,0.813186813186813,32.3723430246763,0.716981132075472
Slc12a7,95.3405976751203,0.448613376835237,31.7615440996824,0.384615384615385
Slc16a1,82.4315118561399,0.435849056603774,146.591741998534,0.533333333333333
Slc20a1,102.183968470724,0.453576864535769,43.3667236745663,0.408450704225352
Slc20a2,70.9222064271694,0.741228070175439,40.9235279745908,0.656716417910448
Slc25a12,37.0164147580402,0.676470588235294,40.9235279745908,0.701492537313433
Slc25a13,197.369034991399,0.455476753349094,186.293672123137,0.445901639344262
Slc25a15,20.2190500779211,0.715384615384615,32.3723430246763,0.754716981132076
Slc25a39,142.466537472121,0.482532751091703,279.745907647203,0.478165938864629
Slc25a46,17.8860827612379,0.591304347826087,33.5939408746641,0.509090909090909
Slc29a1,69.5224260371595,0.492170022371365,50.0855118494991,0.585365853658537
Slc38a1,30.9506997346639,0.542713567839196,70.2418763742976,0.591304347826087
Slc38a10,95.6516599840114,0.465040650406504,53.7503053994625,0.386363636363636
Slc3a2,343.257257861322,0.605346624376982,249.205961397508,0.588235294117647
Slc7a5,124.891517019774,0.595267745952678,175.910090398241,0.652777777777778
Slu7,39.5049132291689,0.503937007874016,38.4803322746152,0.634920634920635
Smarcad1,57.5465271448524,0.435135135135135,69.0202785243098,0.380530973451327
Smarcb1,86.4753218717241,0.456834532374101,87.3442462741265,0.461538461538462
Smarcc1,159.886026770022,0.519455252918288,94.6738333740533,0.541935483870968
Smc2,50.7031563492483,0.5,77.5714634742243,0.433070866141732
Smc4,114.159867363031,0.610354223433243,103.835817248962,0.523529411764706
Smc5,55.2135598281692,0.602816901408451,34.8155387246518,0.596491228070175
Smc6,67.1894587204763,0.553240740740741,39.0911311996091,0.484375
Smdt1,42.3044740091888,0.569852941176471,100.171023698998,0.463414634146341
Smu1,61.2792748515455,0.467005076142132,149.645736623504,0.481632653061224
Smyd2,22.7075485490499,0.534246575342466,36.6479354996335,0.483333333333333
Smyd3,23.1741420123865,0.463087248322148,31.7615440996824,0.403846153846154
Snd1,137.178478220972,0.492063492063492,50.0855118494991,0.451219512195122
Snrnp200,91.7633811228727,0.5,48.2531150745175,0.443037974683544
Snrnp40,101.406312698497,0.503067484662577,119.716589298803,0.520408163265306
Snrpb2,37.6385393758224,0.491735537190083,174.077693623259,0.47719298245614
Snx18,27.3734831824163,0.460227272727273,26.8751526997312,0.363636363636364
Snx9,50.5476251948028,0.584615384615385,25.0427559247496,0.51219512195122
Son,88.0306334161796,0.482332155477032,26.8751526997312,0.431818181818182
Sp2,32.0394178157827,0.427184466019417,36.0371365746396,0.440677966101695
Spag5,25.0405158657331,0.639751552795031,25.0427559247496,0.439024390243902
Spata5,30.0175128079906,0.481865284974093,41.5343268995847,0.573529411764706
Spats2,53.8137794381593,0.557803468208092,28.7075494747129,0.425531914893617
Spc25,20.3745812323667,0.610687022900763,78.1822623992182,0.5390625
Spcs3,42.3044740091888,0.665441176470588,87.9550451991204,0.715277777777778
Spg21,29.861981653545,0.541666666666667,76.9606645492304,0.595238095238095
Spidr,121.003238158636,0.510282776349614,31.7615440996824,0.596153846153846
Spint2,51.9474055848127,0.488023952095808,143.537747373565,0.51063829787234
Spout1,74.8104852883081,0.503118503118503,39.701930124603,0.507692307692308
Spp1,304.530000404381,0.3585291113381,250.427559247496,0.558536585365854
Spryd4,12.9090858189804,0.481927710843373,28.7075494747129,0.468085106382979
Sptan1,142.15547516323,0.606126914660831,32.3723430246763,0.509433962264151
Sptbn1,116.492834679715,0.493991989319092,26.8751526997312,0.5
Sra1,25.9737027924063,0.467065868263473,39.701930124603,0.4
Srfbp1,66.7228652571397,0.468531468531469,59.2474957244075,0.484536082474227
Sri,20.3745812323667,0.793893129770992,44.5883215245541,0.493150684931507
Srp72,75.5881410605358,0.407407407407407,104.446616173956,0.52046783625731
Srpk1,48.8367824959018,0.538216560509554,68.4094795993159,0.535714285714286
Srpk2,18.5082073790201,0.672268907563025,34.204739799658,0.446428571428571
Srpr,62.2124617782188,0.53,39.701930124603,0.492307692307692
Srrt,114.315398517477,0.48843537414966,100.171023698998,0.50609756097561
Srsf4,35.4611032135847,0.526315789473684,71.4634742242854,0.495726495726496
Ssh1,75.8992033694269,0.737704918032787,48.8639139995114,0.9125
Ssr1,80.0985445394567,0.539805825242718,148.424138773516,0.518518518518518
St14,34.683447441357,0.183856502242152,28.7075494747129,0.319148936170213
Stk4,16.486302371228,0.320754716981132,46.4207182995358,0.473684210526316
Stoml2,107.316496567427,0.395652173913043,221.109210847789,0.522099447513812
Stt3a,126.44682856423,0.441574415744157,54.3611043244564,0.471910112359551
Stt3b,37.9496016847135,0.430327868852459,48.8639139995114,0.475
Sucla2,66.5673341026941,0.509345794392523,85.5118494991449,0.435714285714286
Suclg1,78.2321706861101,0.47117296222664,168.580503298314,0.423913043478261
Sulf2,194.102880748043,0.490384615384615,59.2474957244075,0.505154639175258
Sumf2,33.7502605146837,0.552995391705069,38.4803322746152,0.396825396825397
Sun1,41.8378805458521,0.386617100371747,49.4747129245052,0.432098765432099
Supt6,37.7940705302679,0.526748971193416,33.5939408746641,0.436363636363636
Supv3l1,40.2825690013967,0.579150579150579,35.4263376496457,0.637931034482759
Surf1,21.3077681590399,0.503649635036496,33.5939408746641,0.436363636363636
Surf2,21.4632993134855,0.58695652173913,30.5399462496946,0.36
Sympk,82.1204495472488,0.433712121212121,57.4150989494258,0.468085106382979
Tacc3,117.892615069725,0.443271767810026,61.6906914243831,0.455445544554455
Tada2a,51.0142186581394,0.564024390243902,59.8582946494014,0.561224489795918
Tada3,149.932032885507,0.411825726141079,61.6906914243831,0.495049504950495
Taf1d,38.5717263024957,0.689516129032258,65.3554849743465,0.700934579439252
Taf5l,39.3493820747234,0.675889328063241,80.0146591741998,0.595419847328244
Taf6,71.6998621993972,0.449023861171367,42.1451258245785,0.63768115942029
Taf7,100.162063462932,0.520186335403727,154.532128023455,0.521739130434783
Tamm41,23.1741420123865,0.563758389261745,54.3611043244564,0.426966292134831
Tars,222.565082011578,0.575821104122991,190.569264598094,0.544871794871795
Tars2,18.197145070129,0.367521367521368,48.2531150745175,0.481012658227848
Tasor,25.0405158657331,0.509316770186335,27.4859516247251,0.377777777777778
Tax1bp1,41.6823493914066,0.473880597014925,56.1935010994381,0.445652173913043
Tbc1d10b,63.1456487048921,0.5,32.9831419496702,0.407407407407407
Tbcb,46.0372217158819,0.459459459459459,91.6198387490838,0.426666666666667
Tbcd,38.5717263024957,0.536290322580645,26.2643537747374,0.581395348837209
Tbl3,146.510347487705,0.545647558386412,83.0686537991693,0.507352941176471
Tbrg4,57.3909959904068,0.544715447154472,31.1507451746885,0.490196078431373
Tbx3,115.093054289705,0.501351351351351,51.3071096994869,0.297619047619048
Tcea3,59.4129009981989,0.549738219895288,78.1822623992182,0.6328125
Tcf25,133.134668205388,0.677570093457944,89.1766430491082,0.643835616438356
Tcof1,313.239745053332,0.471201588877855,44.5883215245541,0.520547945205479
Tdp1,77.7655772227735,0.428,34.8155387246518,0.526315789473684
Tdp2,61.1237436971,0.643765903307888,86.7334473491327,0.612676056338028
Tead2,55.9912156003969,0.336111111111111,86.7334473491327,0.373239436619718
Terf1,33.7502605146837,0.428571428571429,47.6423161495236,0.423076923076923
Tes,39.9715066925056,0.24124513618677,45.8099193745419,0.44
Tet1,127.380015490903,0.406593406593407,72.6850720742732,0.420168067226891
Tex10,31.1062308891094,0.51,57.4150989494258,0.5
Tex19.1,22.8630797034954,0.612244897959184,39.0911311996091,0.65625
Tfcp2l1,118.981333150843,0.410457516339869,83.0686537991693,0.389705882352941
Tfdp1,140.911225927666,0.63355408388521,149.03493769851,0.586065573770492
Tfeb,28.9287947268717,0.56989247311828,29.3183483997068,0.645833333333333
Tgoln1,6.37677733226743,0.560975609756098,30.5399462496946,0.46
Thap4,27.9956078001985,0.516666666666667,36.6479354996335,0.483333333333333
Thoc1,19.4413943056934,0.536,43.9775225995602,0.458333333333333
Thoc3,57.8575894537435,0.446236559139785,40.9235279745908,0.432835820895522
Thoc5,25.3515781746242,0.460122699386503,53.7503053994625,0.545454545454545
Thoc7,35.3055720591392,0.66079295154185,76.9606645492304,0.484126984126984
Thop1,50.3920940403572,0.524691358024691,109.333007573907,0.474860335195531
Thumpd1,95.8071911384569,0.439935064935065,67.798680674322,0.531531531531532
Thumpd3,18.6637385334656,0.541666666666667,101.392621548986,0.439759036144578
Timeless,166.884928720072,0.540540540540541,44.5883215245541,0.616438356164384
Timm50,50.5476251948028,0.504615384615385,83.0686537991693,0.683823529411765
Tinf2,56.1467467548425,0.493074792243767,44.5883215245541,0.547945205479452
Tjp2,170.617676426765,0.482224247948952,68.4094795993159,0.455357142857143
Tk1,31.572824352446,0.591133004926108,117.884192523821,0.466321243523316
Tkfc,43.3931920903076,0.584229390681004,28.7075494747129,0.638297872340426
Tkt,293.02069497541,0.492569002123142,214.390422672856,0.498575498575499
Tle3,57.0799336815157,0.501362397820163,36.6479354996335,0.366666666666667
Tlk1,44.0153167080898,0.469964664310954,54.3611043244564,0.606741573033708
Tlnrd1,37.0164147580402,0.647058823529412,45.199120449548,0.635135135135135
Tm7sf3,131.890418969824,0.515330188679245,76.3498656242365,0.384
Tm9sf2,58.7907763804168,0.521164021164021,73.9066699242609,0.471074380165289
Tmeff1,22.3964862401588,0.5,36.6479354996335,0.5
Tmem192,26.5958274101885,0.678362573099415,41.5343268995847,0.573529411764706
Tmem209,30.0175128079906,0.518134715025907,87.3442462741265,0.559440559440559
Tmem242,15.7086465990002,0.455445544554455,48.8639139995114,0.65
Tmem248,42.3044740091888,0.415441176470588,42.1451258245785,0.391304347826087
Tmem258,51.7918744303671,0.543543543543544,173.466894698265,0.482394366197183
Tmem259,34.5279162869114,0.427927927927928,41.5343268995847,0.573529411764706
Tmem41b,40.4381001558422,0.461538461538462,38.4803322746152,0.428571428571429
Tmem59,24.5739224023964,0.455696202531646,51.3071096994869,0.464285714285714
Tmem70,37.9496016847135,0.44672131147541,26.2643537747374,0.255813953488372
Tmem8,68.9003014193773,0.591422121896163,59.2474957244075,0.65979381443299
Tmod3,32.8170735880104,0.52132701421801,30.5399462496946,0.5
Tmpo,26.1292339468519,0.357142857142857,34.204739799658,0.517857142857143
Tnip1,38.2606639936046,0.601626016260163,26.2643537747374,0.627906976744186
Tnks2,78.8542953038923,0.435897435897436,153.310530173467,0.402390438247012
Tnpo1,89.5859449606351,0.576388888888889,87.9550451991204,0.444444444444444
Tnpo2,51.7918744303671,0.66966966966967,55.5827021744442,0.714285714285714
Top2a,573.598897595177,0.487527114967462,332.274615196677,0.551470588235294
Top3b,53.1916548203771,0.488304093567251,33.5939408746641,0.527272727272727
Topbp1,114.937523135259,0.484438430311231,80.0146591741998,0.541984732824427
Tor1a,19.2858631512478,0.532258064516129,25.0427559247496,0.560975609756098
Tox4,38.2606639936046,0.495934959349593,48.2531150745175,0.481012658227848
Tpd52l2,23.018610857941,0.425675675675676,89.7874419741021,0.571428571428571
Tpp2,33.4391982057926,0.493023255813954,40.3127290495969,0.46969696969697
Tpr,237.340541683905,0.472477064220183,59.8582946494014,0.397959183673469
Tpx2,129.401920498695,0.502403846153846,117.273393598827,0.489583333333333
Trappc11,40.4381001558422,0.592307692307692,36.6479354996335,0.6
Trappc13,25.8181716379608,0.5,85.5118494991449,0.578571428571429
Trappc2l,11.8203677378616,0.710526315789474,63.5230881993648,0.663461538461538
Trh,171.861925662329,0.146606334841629,357.317371121427,0.211965811965812
Trim13,22.0854239312677,0.5,43.9775225995602,0.291666666666667
Trim24,58.7907763804168,0.412698412698413,56.1935010994381,0.391304347826087
Trim25,88.3416957250707,0.40669014084507,48.8639139995114,0.5
Trim35,34.9945097502481,0.466666666666667,37.2587344246274,0.39344262295082
Trim37,29.0843258813173,0.449197860962567,52.5287075494747,0.36046511627907
Trim6,96.7403780651302,0.440514469453376,81.2362570241876,0.451127819548872
Trim71,42.926598626971,0.576086956521739,42.1451258245785,0.463768115942029
Trim8,40.9046936191789,0.334600760456274,37.8695333496213,0.612903225806452
Triml2,97.8290961462491,0.842607313195548,29.3183483997068,0.8125
Trip12,128.935327035358,0.490952955367913,56.804300024432,0.580645161290323
Trip6,19.90798776903,0.6953125,37.8695333496213,0.580645161290323
Trmt1,72.6330491260704,0.745182012847966,34.8155387246518,0.456140350877193
Trmt10c,26.1292339468519,0.636904761904762,56.804300024432,0.397849462365591
Trnt1,9.17633811228727,0.457627118644068,73.9066699242609,0.528925619834711
Tsc22d4,17.2639581434557,0.612612612612613,32.9831419496702,0.648148148148148
Tsfm,30.3285751168817,0.533333333333333,75.1282677742487,0.634146341463415
Tspan13,21.618830467931,0.575539568345324,40.3127290495969,0.454545454545455
Tspyl1,13.8422727456537,0.606741573033708,28.7075494747129,0.468085106382979
Tsr1,138.267196302091,0.53318335208099,117.884192523821,0.523316062176166
Tsr3,22.8630797034954,0.551020408163265,47.6423161495236,0.538461538461538
Tsta3,42.6155363180799,0.430656934306569,64.7446860493526,0.433962264150943
Ttc13,56.6133402181791,0.725274725274725,50.0855118494991,0.768292682926829
Ttc27,40.1270378469511,0.445736434108527,41.5343268995847,0.323529411764706
Ttc4,30.3285751168817,0.435897435897436,36.0371365746396,0.389830508474576
Ttk,53.1916548203771,0.505847953216374,45.199120449548,0.540540540540541
Ttll12,38.7272574569412,0.542168674698795,48.8639139995114,0.5375
Tubg1,26.9068897190796,0.606936416184971,47.0315172245297,0.584415584415584
Tubgcp2,58.6352452259712,0.663129973474801,26.8751526997312,0.477272727272727
Tufm,138.422727456537,0.523595505617978,134.98656242365,0.502262443438914
Twf2,30.7951685802183,0.53030303030303,66.5770828243342,0.467889908256881
Txlna,41.6823493914066,0.458955223880597,35.4263376496457,0.46551724137931
Txnl1,109.182870420774,0.498575498575499,236.98998289763,0.466494845360825
Txnrd1,201.257313852538,0.484544049459042,246.762765697532,0.435643564356436
U2surp,58.013120608189,0.53887399463807,86.1226484241388,0.446808510638298
Uap1,52.880592511486,0.588235294117647,36.0371365746396,0.559322033898305
Uba1,225.98676740938,0,225.99560224774,0
Uba5,49.4589071136839,0.569182389937107,32.3723430246763,0.660377358490566
Ubap2,197.68009730029,0.523996852871755,69.0202785243098,0.47787610619469
Ube2t,15.2420531356636,0.581632653061224,65.9662838993403,0.444444444444444
Ube2z,47.2814709514463,0.503289473684211,44.5883215245541,0.493150684931507
Ube3c,14.4643973634359,0.419354838709677,37.8695333496213,0.645161290322581
Ube4b,58.1686517626346,0.438502673796791,28.7075494747129,0.468085106382979
Ubl7,38.5717263024957,0.528225806451613,48.2531150745175,0.443037974683544
Ubqln1,67.967114492704,0.469107551487414,72.0742731492793,0.525423728813559
Ubr5,134.534448595398,0.591907514450867,56.1935010994381,0.521739130434783
Ubr7,202.190500779211,0.407692307692308,91.0090398240899,0.436241610738255
Ubxn2a,23.6407354757231,0.171052631578947,36.6479354996335,0.333333333333333
Ubxn6,13.0646169734259,0.738095238095238,39.701930124603,0.615384615384615
Uchl3,48.9923136503473,0.387301587301587,160.640117273394,0.452471482889734
Uchl5,43.5487232447532,0.425,71.4634742242854,0.444444444444444
Uck2,146.665878642151,0.455991516436903,194.234058148058,0.430817610062893
Ucp2,61.7458683148822,0.355163727959698,117.273393598827,0.385416666666667
Ufd1,19.90798776903,0.453125,26.2643537747374,0.488372093023256
Ugdh,78.2321706861101,0.699801192842942,47.0315172245297,0.714285714285714
Uggt1,138.111665147646,0.440315315315315,26.2643537747374,0.581395348837209
Uhrf1,367.831180263719,0.528964059196617,141.705350598583,0.556034482758621
Umps,107.316496567427,0.484057971014493,133.154165648668,0.555045871559633
Ung,57.7020582992979,0.509433962264151,87.9550451991204,0.381944444444444
Upf3a,86.7863841806152,0.602150537634409,34.8155387246518,0.666666666666667
Uqcc1,11.9758988923071,0.558441558441558,33.5939408746641,0.381818181818182
Uqcrc1,132.201481278715,0.449411764705882,453.212802345468,0.443396226415094
Uqcrc2,200.946251543647,0.468266253869969,212.558025897874,0.491379310344828
Urb2,228.475265880509,0.721579305650102,38.4803322746152,0.761904761904762
Uri1,29.5509193446539,0.573684210526316,70.8526752992915,0.508620689655172
Uso1,47.2814709514463,0.598684210526316,58.0258978744197,0.568421052631579
Usp14,31.4172931980005,0.50990099009901,98.9494258490105,0.512345679012346
Usp15,99.8510011540412,0.635514018691589,64.1338871243587,0.504761904761905
Usp22,17.1084269890102,0.363636363636364,50.0855118494991,0.451219512195122
Usp28,52.2584678937038,0.604166666666667,83.6794527241632,0.642335766423358
Usp38,72.0109245082883,0.682505399568035,38.4803322746152,0.603174603174603
Usp39,20.0635189234756,0.457364341085271,87.3442462741265,0.447552447552448
Usp4,76.6768591416547,0.517241379310345,43.9775225995602,0.5
Usp8,63.4567110137832,0.519607843137255,29.3183483997068,0.5625
Usp9x,102.183968470724,0.0015220700152207,62.301490349377,0
Utp14a,65.1675537126842,0,43.9775225995602,0
Utp15,35.3055720591392,0.559471365638767,37.2587344246274,0.557377049180328
Utp18,58.1686517626346,0.478609625668449,97.1170290740288,0.534591194968553
Utp20,66.8783964115852,0.453488372093023,39.0911311996091,0.65625
Utp6,31.572824352446,0.527093596059113,64.7446860493526,0.415094339622642
Vim,238.273728610578,0.221279373368146,112.387002198876,0.304347826086957
Vmp1,16.6418335256735,0.485981308411215,42.7559247495724,0.514285714285714
Vps16,77.1434526049913,0.532258064516129,61.0798924993892,0.52
Vps35,73.0996425894071,0.687234042553192,275.470315172245,0.618625277161863
Vps36,18.8192696879112,0.528925619834711,69.0202785243098,0.592920353982301
Vps41,52.880592511486,0.535294117647059,73.9066699242609,0.479338842975207
Vti1b,65.6341471760208,0.83175355450237,55.5827021744442,0.813186813186813
Wac,28.7732635724262,0.572972972972973,36.6479354996335,0.616666666666667
Wapl,65.9452094849119,0.415094339622642,80.0146591741998,0.442748091603053
Wars,31.2617620435549,0.507462686567164,28.096750549719,0.630434782608696
Washc2,79.9430133850112,0.482490272373541,37.2587344246274,0.508196721311475
Washc3,14.3088662089903,0.815217391304348,48.8639139995114,0.55
Washc4,37.0164147580402,0.533613445378151,29.9291473247007,0.591836734693878
Washc5,34.8389785958025,0.46875,39.0911311996091,0.5
Wdr12,55.2135598281692,0.569014084507042,126.435377473736,0.444444444444444
Wdr3,113.537742745249,0.384931506849315,58.6366967994136,0.46875
Wdr33,76.0547345238725,0.507157464212679,29.9291473247007,0.510204081632653
Wdr36,109.649463884111,0.487943262411348,110.554605423894,0.453038674033149
Wdr43,118.04814622417,0.544137022397892,111.776203273882,0.530054644808743
Wdr46,67.8115833382585,0.48394495412844,42.1451258245785,0.463768115942029
Wdr73,44.9485036347631,0.525951557093426,32.9831419496702,0.462962962962963
Wdr75,192.703100358033,0.478611783696529,117.273393598827,0.442708333333333
Wsb1,24.729453556842,0.50314465408805,48.2531150745175,0.354430379746835
Wsb2,21.3077681590399,0.532846715328467,34.204739799658,0.482142857142857
Wwp2,112.760086973022,0.635862068965517,38.4803322746152,0.634920634920635
Xab2,74.8104852883081,0.625779625779626,53.7503053994625,0.636363636363636
Xpnpep1,184.148886863528,0.585304054054054,108.722208648913,0.617977528089888
Xpot,159.419433306686,0.583414634146341,111.165404348888,0.527472527472527
Xrcc1,104.050342324071,0.547085201793722,41.5343268995847,0.455882352941176
Xrcc5,137.645071684309,0.386440677966102,156.364524798436,0.40234375
Xrcc6,32.6615424335649,0.471428571428571,34.204739799658,0.410714285714286
Yars,55.5246221370603,0.546218487394958,81.2362570241876,0.548872180451128
Ydjc,13.0646169734259,0.535714285714286,48.8639139995114,0.5875
Zbtb45,67.8115833382585,0.529816513761468,28.7075494747129,0.638297872340426
Zc3h14,74.8104852883081,0.617463617463617,61.0798924993892,0.66
Zc3hc1,50.0810317314661,0.357142857142857,69.0202785243098,0.371681415929204
Zcchc8,77.1434526049913,0.540322580645161,47.6423161495236,0.487179487179487
Zdhhc18,13.0646169734259,0.642857142857143,31.7615440996824,0.538461538461538
Zfp106,449.018442884294,0.476965708347766,83.0686537991693,0.507352941176471
Zfp110,69.0558325738229,0.493243243243243,34.8155387246518,0.614035087719298
Zfp24,18.9748008423567,0.450819672131148,29.9291473247007,0.408163265306122
Zfp277,45.2595659436542,0.570446735395189,56.804300024432,0.483870967741935
Zfp296,17.4194892979013,0.428571428571429,42.7559247495724,0.571428571428571
Zfp330,37.1719459124857,0.543933054393305,93.4522355240655,0.718954248366013
Zfp593,44.0153167080898,0.537102473498233,83.0686537991693,0.625
Zfp598,84.7644791728231,0.502752293577982,50.696310774493,0.457831325301205
Zfp64,22.2409550857132,0.321678321678322,26.2643537747374,0.465116279069767
Zfp655,28.3066701090896,0.532967032967033,56.804300024432,0.451612903225806
Zfp710,101.250781544051,0.500768049155146,51.3071096994869,0.452380952380952
Zfp869,17.1084269890102,0.709090909090909,44.5883215245541,0.712328767123288
Zfp958,20.3745812323667,0.793893129770992,43.9775225995602,0.75
Zfr,25.5071093290697,0.597560975609756,32.9831419496702,0.537037037037037
Zfyve21,8.08762003116844,0.769230769230769,42.1451258245785,0.536231884057971
Zkscan17,65.0120225582386,0.545454545454545,36.0371365746396,0.491525423728814
Zmat5,8.39868234005954,0.444444444444444,29.9291473247007,0.551020408163265
Zmym1,82.8981053194765,0.529080675422139,40.9235279745908,0.492537313432836
Znhit6,29.0843258813173,0.53475935828877,47.6423161495236,0.487179487179487
Zpr1,34.0613228235748,0.447488584474886,63.5230881993648,0.432692307692308
Zswim1,48.5257201870107,0.432692307692308,45.8099193745419,0.44
Zw10,26.2847651012974,0.502958579881657,36.6479354996335,0.6
Zwilch,70.6111441182783,0.475770925110132,71.4634742242854,0.41025641025641
Zwint,47.1259397970007,0.485148514851485,69.0202785243098,0.389380530973451
