gene,ribo_rep1,ribo_rep2
1810037I17Rik,0.375,0.772727272727273
2610507B11Rik,0.470588235294118,0.411764705882353
2700049A03Rik,0.714285714285714,0.454545454545455
3110082I17Rik,0.9375,0.388888888888889
6030458C11Rik,0.307692307692308,0.6
9130401M01Rik,0.928571428571429,0.192307692307692
Aacs,0.333333333333333,0.615384615384615
Aagab,0.363636363636364,0.642857142857143
Aars,0.653846153846154,0.344827586206897
Aars2,0.612903225806452,0.52
Abcc1,0.454545454545455,0.363636363636364
Abcc4,0.555555555555556,0.65
Abcc5,0.285714285714286,0.583333333333333
Abr,0.727272727272727,0.272727272727273
Acacb,0.555555555555556,0.8
Acadm,0.666666666666667,0.333333333333333
Acads,0.454545454545455,0.5
Acin1,0.482758620689655,0.483333333333333
Acly,0.48062015503876,0.439024390243902
Aco1,0.547619047619048,0.55
Aco2,0.444444444444444,0.357142857142857
Acot7,0.473684210526316,0.565217391304348
Acsl3,0.769230769230769,0.235294117647059
Actg1,0.643835616438356,0.369565217391304
Actl6a,0.363636363636364,0.709677419354839
Actn1,0.53125,0.619047619047619
Actn4,0.487603305785124,0.5
Actr2,0.428571428571429,0.538461538461538
Adam19,0.6,0.470588235294118
Add1,0.4,0.3125
Adgre5,0.619047619047619,0.625
Adh5,0.68,0.351648351648352
Adk,0.416666666666667,0.485714285714286
Adnp2,0.176470588235294,0.5
Adsl,0.390625,0.608695652173913
Aff1,0.670454545454545,0.432835820895522
Afg3l1,0.655172413793103,0.294117647058824
Afg3l2,0.681818181818182,0.529411764705882
Agfg1,0.542857142857143,0.413793103448276
Ago2,0.578947368421053,0.307692307692308
Agrn,0.641711229946524,0.424242424242424
Ahctf1,0.321428571428571,0.659574468085106
Ahdc1,0.333333333333333,0.476190476190476
Aimp1,0.666666666666667,0
Aimp2,0.6,0.4
Ajuba,0.294117647058824,0.318181818181818
Ak2,0.741935483870968,0.296296296296296
Akap12,0.496420047732697,0.48936170212766
Akap9,0.764705882352941,0.636363636363636
Aldh16a1,0.615384615384615,0.666666666666667
Aldh18a1,0.546875,0.630434782608696
Aldh2,0.603174603174603,0.348484848484849
Aldh7a1,0.583333333333333,0.35
Aldh9a1,0.533333333333333,0.333333333333333
Aldoa,0.444444444444444,0.407407407407407
Alg11,0.642857142857143,0.384615384615385
Alpl,0.568493150684932,0.452173913043478
Als2,0.736842105263158,0.272727272727273
Alyref,0.266666666666667,0.708333333333333
Amt,0.294117647058824,0.583333333333333
Anapc1,0.428571428571429,0.48
Anapc5,0.509803921568627,0.321428571428571
Anapc7,0.666666666666667,0.533333333333333
Ankhd1,0.454545454545455,0.636363636363636
Ankle2,0.7,0.538461538461538
Ankrd10,0.75,0.333333333333333
Ankrd11,0.625,0.277777777777778
Ankrd26,0.769230769230769,0.5
Anln,0.46875,0.565217391304348
Anp32b,0.269230769230769,0.565217391304348
Anxa11,0.636363636363636,0.454545454545455
Anxa6,0.708333333333333,0.360655737704918
Anxa7,0.421052631578947,0.666666666666667
Ap1g1,0.555555555555556,0.333333333333333
Ap2a2,0.333333333333333,0.411764705882353
Ap2b1,0.56,0.409090909090909
Ap2m1,0.5,0.45
Ap3b1,0.285714285714286,0.35
Apc,0.266666666666667,0.625
Api5,0.470588235294118,0.526315789473684
Aplp2,0.274193548387097,0.75
Apobec3,0.559322033898305,0.444444444444444
Apoe,0.6,0.458333333333333
Aqp3,0.466666666666667,0.769230769230769
Arhgef1,0.333333333333333,0.571428571428571
Arhgef18,0.388888888888889,0.36
Arid1a,0.266666666666667,0.818181818181818
Arid2,0.470588235294118,0.565217391304348
Arl6ip1,0.5,0.483870967741935
Arpc3,0.625,0.45
Arpc5,0.235294117647059,0.444444444444444
Asns,0.465346534653465,0.51875
Asph,0.947368421052632,0.266666666666667
Aspm,0.681818181818182,0.210526315789474
Atad2,0.25,0.411764705882353
Atad3a,0.466666666666667,0.321428571428571
Atf7ip,0.352941176470588,0.571428571428571
Atg2a,0.583333333333333,0.481481481481481
Atic,0.546153846153846,0.427586206896552
Atm,0.413793103448276,0.478260869565217
Atox1,0.603448275862069,0.432835820895522
Atp1a1,0.318181818181818,0.76
Atp1b1,0.434782608695652,0.380952380952381
Atp2a2,0.755813953488372,0.229166666666667
Atp5a1,0.513513513513513,0.436170212765957
Atp5b,0.693877551020408,0.365384615384615
Atp5c1,0.325,0.711111111111111
Atp5d,0.724137931034483,0.347826086956522
Atp5e,0.285714285714286,0.666666666666667
Atp5g1,0.652173913043478,0.35
Atp5g2,0.534090909090909,0.561643835616438
Atp5g3,0.447368421052632,0.517241379310345
Atp5mpl,0.529411764705882,0.5
Atp5o,0.444444444444444,0.486111111111111
Atp5pb,0.428571428571429,0.227272727272727
Atp6v1a,0.27906976744186,0.705882352941177
Atp6v1b2,0.777777777777778,0.333333333333333
Atp6v1f,0.2,0.4
Atpif1,0.43859649122807,0.525423728813559
Atrx,0,1
Atxn2l,0.407407407407407,0.6
AU018091,0.25,0.428571428571429
Aurkb,0.636363636363636,0.333333333333333
Bag6,0.619047619047619,0.315789473684211
Bard1,0.526315789473684,0.636363636363636
Baz1b,0.444444444444444,0.315789473684211
Baz2a,0.511111111111111,0.58974358974359
Baz2b,0.8,0.222222222222222
BC055324,0.4,0.533333333333333
BC067074,0.428571428571429,0.555555555555556
Bcam,0.363636363636364,0.722222222222222
Bcap31,0,1
Bcas2,0.195121951219512,0.75
Bcat1,0.390243902439024,0.68
Bcat2,0.0588235294117647,0.611111111111111
Bex1,0,1
Bid,0.75,0.1875
Birc5,0.655172413793103,0.354838709677419
Birc6,0.42,0.519230769230769
Blm,0.571428571428571,0.318181818181818
Blvrb,0.32,0.454545454545455
Bms1,0.441176470588235,0.583333333333333
Bod1l,0.611111111111111,0.347826086956522
Bop1,0.5625,0.48
Bptf,0.511627906976744,0.424242424242424
Brca1,0.631067961165049,0.312925170068027
Brca2,0.35,0.543478260869565
Brd8,0.583333333333333,0.647058823529412
Brix1,0.571428571428571,0.441176470588235
Brpf3,0.625,0.456521739130435
Brwd1,0.571428571428571,0.571428571428571
Bsg,0.590909090909091,0.526315789473684
Bub1,0.5,0.294117647058824
Bub1b,0.34375,0.571428571428571
Bzw2,0.5,0.266666666666667
C1qbp,0.507936507936508,0.516666666666667
Cad,0.556149732620321,0.44047619047619
Calcoco2,0.555555555555556,0.523809523809524
Calm3,0.595238095238095,0.352941176470588
Calr,0.695652173913043,0.307692307692308
Canx,0.380952380952381,0.552631578947368
Cap1,0.444444444444444,0.294117647058824
Capg,0.230769230769231,0.363636363636364
Capn1,0.648648648648649,0.470588235294118
Capn5,0.272727272727273,0.533333333333333
Capns1,0.438461538461538,0.679245283018868
Caprin1,0.357142857142857,0.535714285714286
Capza1,0.357142857142857,0.636363636363636
Carnmt1,0.863636363636364,0.181818181818182
Cars,0.272727272727273,0.1
Casp3,0.76,0.3125
Cat,0.535714285714286,0.487179487179487
Cbl,0.666666666666667,0.545454545454545
Cbx2,0.545454545454545,0.384615384615385
Ccar1,0.466666666666667,0.727272727272727
Ccdc124,0.636363636363636,0.214285714285714
Ccdc59,0.6,0.5
Ccdc88c,0.446428571428571,0.625
Ccs,0.363636363636364,0.818181818181818
Cct2,0.352941176470588,0.666666666666667
Cct4,0.54,0.470588235294118
Cct5,0.763157894736842,0.404255319148936
Cct6a,0.549180327868853,0.541095890410959
Cdc123,0.285714285714286,0.277777777777778
Cdc16,0.625,0.296296296296296
Cdc20,0.538461538461538,0.25
Cdc23,0.382352941176471,0.578947368421053
Cdc25a,0.542372881355932,0.62962962962963
Cdc37,0.333333333333333,0.48
Cdc42bpb,0.421052631578947,0.3
Cdc5l,0.241379310344828,0.774193548387097
Cdc6,0.52,0.777777777777778
Cdca4,0.241379310344828,0.647058823529412
Cdca8,0.166666666666667,0.692307692307692
Cdh1,0.654028436018957,0.319047619047619
Cdk1,0.461538461538462,0.387755102040816
Cdk11b,0.555555555555556,0.470588235294118
Cdk5rap2,0.4375,0.542857142857143
Cdk7,0.470588235294118,0.277777777777778
Cdkn1a,0.564102564102564,0.303030303030303
Cdt1,0.640243902439024,0.337662337662338
Cebpz,0.290322580645161,0.707317073170732
Cemip2,0.416666666666667,0.363636363636364
Cenpa,0.446153846153846,0.56140350877193
Cenpe,0.527777777777778,0.363636363636364
Cenpf,0.486486486486487,0.454545454545455
Cenpm,0.318181818181818,0.56
Cep192,0.414634146341463,0.310344827586207
Cep44,0.45,0.433333333333333
Cep78,0.388888888888889,0.48
Cfdp1,0.875,0.125
Chaf1b,0.393939393939394,0.7125
Champ1,0.705882352941177,0.478260869565217
Chchd10,0.3875,0.573529411764706
Chchd4,0.473684210526316,0.636363636363636
Chd1,0.454545454545455,0.466666666666667
Chd1l,0.473684210526316,0.555555555555556
Chd4,0.374045801526718,0.629032258064516
Chd8,0.181818181818182,0.307692307692308
Chd9,1,0.0833333333333333
Chmp5,0.6,0.307692307692308
Chtf18,0.621621621621622,0.473684210526316
Cit,0.615384615384615,0.6875
Ckap2,0.723404255319149,0.5
Ckap4,0.291666666666667,0.826086956521739
Ckap5,0.666666666666667,0.4375
Ckb,0.448780487804878,0.508571428571429
Cldn4,0.4,0.357142857142857
Clic1,0.307692307692308,0.692307692307692
Clpp,0.333333333333333,0.777777777777778
Clspn,0.538461538461538,0.545454545454545
Clstn1,0.451219512195122,0.536231884057971
Cltc,0.63265306122449,0.633333333333333
Cluh,0.60377358490566,0.461538461538462
Cnn3,0.53448275862069,0.4
Cnot1,0.595238095238095,0.363636363636364
Cnot10,0.333333333333333,0.444444444444444
Cnot9,0.8,0.571428571428571
Cnpy3,0.428571428571429,0.736842105263158
Cobl,0.366666666666667,0.483870967741935
Cog1,0.590909090909091,0.363636363636364
Cog4,0.5,0.5
Col18a1,0.342857142857143,0.526315789473684
Col4a1,0.761904761904762,0.15
Commd10,0.55,0.352941176470588
Copa,0.707317073170732,0.344827586206897
Copb1,0.5,0.482758620689655
Copg1,0.48780487804878,0.675675675675676
Cops6,0.684210526315789,0.142857142857143
Coro1b,0.473684210526316,0.315789473684211
Coro1c,0.625,0.470588235294118
Cox6a1,0.19047619047619,0.785714285714286
Cplane1,0.538461538461538,0.733333333333333
Cpox,0.625,0.8125
Cpsf6,0.545454545454545,0.428571428571429
Crlf3,0.733333333333333,0.538461538461538
Crot,0.636363636363636,0.5
Crtap,0.545454545454545,0.176470588235294
Cs,0.346153846153846,0.7
Csde1,0.533333333333333,0.454545454545455
Cse1l,0.568181818181818,0.574468085106383
Csnk1a1,0.478260869565217,0.433333333333333
Cstb,0.333333333333333,0.657142857142857
Cstf1,0.5625,0.631578947368421
Ctc1,0.470588235294118,0.68
Cth,0.652173913043478,0.526315789473684
Ctnna1,0.488888888888889,0.423913043478261
Ctps,0.368421052631579,0.578947368421053
Ctsa,0.5,0.681818181818182
Cttn,0.428571428571429,0.511627906976744
Ctu2,0.454545454545455,0.454545454545455
Cul7,0.5,0.285714285714286
Cwf19l2,0.636363636363636,0.545454545454545
Cyb5a,0.875,0.153846153846154
Cyfip1,0.545454545454545,0.388888888888889
Cyp51,0.545454545454545,0.416666666666667
D10Wsu102e,0.5,0.333333333333333
Dbi,0.307692307692308,0.666666666666667
Dbnl,0.3125,0.538461538461538
Dcaf8,0.68,0.695652173913043
Dcakd,0.235294117647059,0.541666666666667
Dctd,0.857142857142857,0.0769230769230769
Dctn1,0.461538461538462,0.56
Dctn2,0.529411764705882,0.681818181818182
Dctpp1,0.6,0.5
Ddb1,0.428571428571429,0.583333333333333
Ddit4,0.678571428571429,0.166666666666667
Ddt,0.571428571428571,0.466666666666667
Ddx10,0.266666666666667,0.419354838709677
Ddx18,0.666666666666667,0.636363636363636
Ddx20,0.391304347826087,0.538461538461538
Ddx21,0.454545454545455,0.75
Ddx24,0.549019607843137,0.433962264150943
Ddx27,0.558823529411765,0.538461538461538
Ddx39,0.894736842105263,0.384615384615385
Ddx3x,0,1
Ddx46,0.409090909090909,0.578947368421053
Ddx5,0.4375,0.583333333333333
Ddx52,0.714285714285714,0.416666666666667
Ddx54,0.433333333333333,0.391304347826087
Ddx56,0.379310344827586,0.409090909090909
Dek,0.467741935483871,0.466666666666667
Dennd2a,0.545454545454545,0.75
Dhcr24,0.433333333333333,0.607142857142857
Dhcr7,0.46875,0.565217391304348
Dhodh,0.868421052631579,0.257142857142857
Dhx29,0.238095238095238,0.588235294117647
Dhx33,0.0769230769230769,0.583333333333333
Dhx37,0.5,0.5625
Dhx38,0.37037037037037,0.363636363636364
Dhx8,0.411764705882353,0.266666666666667
Dhx9,0.642857142857143,0.393939393939394
Diaph1,0.545454545454545,0.421052631578947
Dicer1,0.461538461538462,0.636363636363636
Dis3,0.428571428571429,0.714285714285714
Dkc1,0,1
Dlat,0.266666666666667,0.25
Dld,0.625,0.5625
Dlg5,0.238095238095238,0.470588235294118
Dlgap5,0.34375,0.740740740740741
Dna2,0.523809523809524,0.380952380952381
Dnaaf5,0.368421052631579,0.666666666666667
Dnaja1,0.411764705882353,0.378378378378378
Dnajc17,0.6875,0.636363636363636
Dnajc2,0.6875,0.333333333333333
Dnmt1,0.554285714285714,0.526881720430108
Dnmt3a,0.764705882352941,0.333333333333333
Dnmt3l,0.318181818181818,0.421052631578947
Dnpep,0.534351145038168,0.478723404255319
Dock5,0.380952380952381,0.619047619047619
Dock6,0.32,0.714285714285714
Dohh,0.384615384615385,0.476190476190476
Dpp3,0.541176470588235,0.671428571428571
Dpp7,0.793103448275862,0.153846153846154
Drg1,0.434210526315789,0.538461538461538
Drosha,0.418181818181818,0.444444444444444
Dscc1,0.538461538461538,0.357142857142857
Dse,0.416666666666667,0.416666666666667
Dsg2,0.307692307692308,0.823529411764706
Dst,0.37984496124031,0.597315436241611
Dstn,0.659090909090909,0.282608695652174
Dut,0.195121951219512,0.790697674418605
Dync1h1,0.478260869565217,0.467289719626168
Dync1li1,0.65625,0.178571428571429
Ebna1bp2,0.533333333333333,0.384615384615385
Ecd,0.3125,0.476190476190476
Ech1,0.0869565217391304,0.583333333333333
Echdc2,0.459016393442623,0.465116279069767
Echs1,0.653846153846154,0.444444444444444
Eef1b2,0.6,0.485714285714286
Eef1d,0.646464646464647,0.444444444444444
Eef2,0.441696113074205,0.568253968253968
Eefsec,0.461538461538462,0.714285714285714
Eftud2,0.553846153846154,0.533333333333333
Ehd1,0.346153846153846,0.583333333333333
Ehmt1,0.363636363636364,0.166666666666667
Ehmt2,0.470588235294118,0.4
Eif2b1,0.371428571428571,0.736842105263158
Eif2d,0.461538461538462,0.5
Eif3a,0.458100558659218,0.514285714285714
Eif3b,0.45,0.568181818181818
Eif3c,0.448717948717949,0.527131782945736
Eif3d,0.521739130434783,0.42156862745098
Eif3e,0.466666666666667,0.518518518518518
Eif3f,0.512605042016807,0.495652173913044
Eif3g,0.558139534883721,0.375
Eif3h,0.422222222222222,0.5
Eif3i,0.531914893617021,0.25
Eif3k,0.36734693877551,0.590361445783133
Eif3l,0.540816326530612,0.622950819672131
Eif4a3,0.333333333333333,0.732142857142857
Eif4b,0.431818181818182,0.41025641025641
Eif4ebp1,0.677777777777778,0.333333333333333
Eif4g1,0.511450381679389,0.576923076923077
Elac2,0.5,0.230769230769231
Elp1,0.694444444444444,0.534883720930233
Elp3,0.48,0.3125
Emc1,0.5,0.434782608695652
Ep400,0.714285714285714,0.647058823529412
Epb41l2,0.294117647058824,0.785714285714286
Epha2,0.517241379310345,0.523809523809524
Epop,0.727272727272727,0.166666666666667
Eprs,0.367647058823529,0.504504504504504
Ercc3,0.380952380952381,0.307692307692308
Ercc4,0.75,0.315789473684211
Esco2,0.5,0.615384615384615
Esd,0.466666666666667,0.5
Espl1,0.516666666666667,0.472222222222222
Esrrb,0.507936507936508,0.46551724137931
Esyt1,0.214285714285714,0.545454545454545
Etfa,0.631578947368421,0.318181818181818
Etl4,0.153846153846154,0.461538461538462
Etv5,0.633333333333333,0.35
Ewsr1,0.703703703703704,0.5
Exo1,0.56140350877193,0.524590163934426
Exoc3,0.523809523809524,0.3125
Exoc4,0.611111111111111,0.625
Exosc10,0.5,0.6875
Exosc7,0.590909090909091,0.454545454545455
Exosc8,0.454545454545455,0.555555555555556
Exosc9,0.470588235294118,0.176470588235294
Ezh2,0.510204081632653,0.483516483516484
Ezr,0.565217391304348,0.421052631578947
Faf1,0.5,0.521739130434783
Fam98b,0.3125,0.769230769230769
Fanca,0.681818181818182,0.452380952380952
Fancd2,0.375,0.555555555555556
Fancm,0.521739130434783,0.266666666666667
Farsb,0.476190476190476,0.230769230769231
Fasn,0.491803278688525,0.503597122302158
Fat1,0.63953488372093,0.35632183908046
Fblim1,0.32,0.821428571428571
Fbxo21,0.518518518518518,0.5
Fbxo38,0.5,0.272727272727273
Fbxw8,0.733333333333333,0.466666666666667
Fdft1,0.260869565217391,0.666666666666667
Fermt2,0.538461538461538,0.857142857142857
Fh1,0.507246376811594,0.433962264150943
Fig4,0.466666666666667,0.4
Fiz1,0.705882352941177,0.615384615384615
Fkbp3,0.34375,0.666666666666667
Fkbp4,0.5,0.50354609929078
Fkbp8,0.578947368421053,0.142857142857143
Fkbp9,0.543478260869565,0.514285714285714
Flna,0,1
Flnb,0.564814814814815,0.512820512820513
Fn1,0.587931034482759,0.428023032629559
Fnip2,0.125,0.64
Fnta,0.764705882352941,0.130434782608696
Fntb,0.153846153846154,0.5
Folr1,0.461538461538462,0.5
Foxn2,0.416666666666667,0.454545454545455
Fpgs,0.636363636363636,0.636363636363636
Frrs1,0.619047619047619,0.352941176470588
Fry,0.409090909090909,0.583333333333333
Fscn1,0.6875,0.27536231884058
Fto,0.592592592592593,0.361111111111111
Ftsj3,0.342857142857143,0.526315789473684
Fubp1,0.390804597701149,0.420454545454545
Fus,0.514018691588785,0.453488372093023
Fxr1,0.647058823529412,0.736842105263158
Fzd5,0.55,0.307692307692308
G3bp1,0.476190476190476,0.5
Gab1,0.619047619047619,0.352941176470588
Gabarapl2,0.795454545454545,0.323529411764706
Gak,0.416666666666667,0.411764705882353
Galk1,0.454545454545455,0.454545454545455
Ganab,0.385964912280702,0.56
Gars,0.429577464788732,0.632478632478632
Gart,0.450549450549451,0.673913043478261
Gatad2a,0.545454545454545,0.5
Gatd3a,0.428571428571429,0.25
Gcn1,0.616822429906542,0.340909090909091
Gcsh,0.625,0.384615384615385
Gdf3,0.5,0.384615384615385
Gemin4,0.513513513513513,0.304347826086957
Gfm1,0.6,0.588235294117647
Gins1,0.25,0.5
Gins4,0.521739130434783,0.263157894736842
Gjb3,0.473684210526316,0.357142857142857
Glb1,0.241379310344828,0.725
Gldc,0.409090909090909,0.35
Gli2,0.6875,0.411764705882353
Glud1,0.434782608695652,0.545454545454545
Glyr1,0.4,0.75
Gmnn,0.375,0.588235294117647
Gnas,0.307692307692308,0.785714285714286
Gnl3,0.363636363636364,0.5
Gnpat,0.88,0.272727272727273
Golga4,0.5,0.4
Golm1,0.45,0.388888888888889
Got1,0.432432432432432,0.615384615384615
Got2,0.527272727272727,0.642857142857143
Gpi1,0.520833333333333,0.436619718309859
Gpn1,0.272727272727273,0.5625
Gpn2,0.565217391304348,0.266666666666667
Gpt2,0.642857142857143,0.416666666666667
Grsf1,0.25,0.666666666666667
Grwd1,0.375,0.571428571428571
Gse1,0.333333333333333,0.266666666666667
Gspt1,0.424242424242424,0.392857142857143
Gsr,0.701219512195122,0.264705882352941
Gsta4,0.5,0.266666666666667
Gsto1,0.36,0.586206896551724
Gtf2i,0.390243902439024,0.36734693877551
Gtf3c1,0.666666666666667,0.529411764705882
Gtf3c3,0.466666666666667,0.631578947368421
Gtf3c5,0.571428571428571,0.529411764705882
Gtpbp4,0.368421052631579,0.615384615384615
Gtse1,0.578947368421053,0.388888888888889
H1f1,0.257731958762887,0.542780748663102
H2ac15,0.125,0.873684210526316
H2ac6,0.933333333333333,0.136363636363636
H2aw,0.352941176470588,0.428571428571429
H2az2,0.5,0.285714285714286
H2bc11,1,0
H2bc15,0.0689655172413793,0.933333333333333
H2bc3,0.454545454545455,0.337662337662338
H3c2,0.452380952380952,0.678571428571429
H4f16,0.757575757575758,0.277777777777778
Hacd3,0.428571428571429,0.421052631578947
Hadh,0.590909090909091,0.571428571428571
Hadha,0.56,0.730769230769231
Hap1,0.333333333333333,0.384615384615385
Hat1,0.4,0.45
Haus4,0.36,0.6
Haus8,0.571428571428571,0.0833333333333333
Hcfc1,0,1
Hdac1,0.485148514851485,0.521428571428571
Hdac2,0.333333333333333,0.4
Hdac6,0,1
Hdgf,0.814285714285714,0.2
Hdhd5,0.411764705882353,0.666666666666667
Hdlbp,0.483870967741935,0.619047619047619
Heatr1,0.551724137931034,0.478260869565217
Heatr3,0.466666666666667,0.125
Heatr5a,0.6875,0.578947368421053
Heatr5b,0.636363636363636,0.272727272727273
Hectd1,0.583333333333333,0.466666666666667
Helb,0.575,0.464285714285714
Hells,0.578947368421053,0.483870967741935
Helz,0.3125,0.375
Herc2,0.363636363636364,0.615384615384615
Hexb,0.571428571428571,0.230769230769231
Hif1an,0.636363636363636,0.5
Hip1,0.419354838709677,0.463414634146341
Hk1,0.64,0.452380952380952
Hk2,0.468253968253968,0.527272727272727
Hltf,0.615384615384615,0.25
Hmces,0.606060606060606,0.303030303030303
Hmgcl,0.416666666666667,0.666666666666667
Hmgcr,0.4,0.533333333333333
Hmgcs1,0.333333333333333,0.617647058823529
Hmgn1,0.297297297297297,0.634920634920635
Hmmr,0.5,0.53448275862069
Hmox1,0.736842105263158,0.210526315789474
Hnrnpa2b1,0.6,0.541666666666667
Hnrnpl,0.226666666666667,0.589285714285714
Hnrnpm,0.4,0.676923076923077
Hnrnpu,0.346938775510204,0.525423728813559
Hnrnpul2,0.444444444444444,0.485714285714286
Hook2,0.666666666666667,0.393939393939394
Hpf1,0.666666666666667,0.25
Hprt,0,1
Hsd17b14,0.723404255319149,0.222222222222222
Hsd17b4,0.375,0.846153846153846
Hsf2bp,0.465116279069767,0.619047619047619
Hsp90aa1,0.487951807228916,0.525083612040134
Hsp90ab1,0.491005291005291,0.626450116009281
Hsp90b1,0.4375,0.4
Hspa14,0.461538461538462,0.588235294117647
Hspa4,0.538461538461538,0.44
Hspa8,0.558035714285714,0.446902654867257
Hspa9,0.495934959349593,0.5
Hspb1,0.866666666666667,0.181818181818182
Hspbap1,0.428571428571429,0.5
Hspe1,0,1
Hspg2,0.438247011952191,0.53125
Hsph1,0.516949152542373,0.361963190184049
Htatsf1,0,1
Htra2,0.25,0.4375
Huwe1,0,1
Hyou1,0.6,0.28125
Iars,0.441176470588235,0.445652173913043
Iars2,0.580645161290323,0.458333333333333
Icam1,0.535714285714286,0.484848484848485
Idh2,0.64,0.44
Idh3a,0.5,0.32
Idh3b,0.4,0.636363636363636
Idh3g,0,1
Ifitm3,0.807692307692308,0.314285714285714
Igf2bp1,0.543478260869565,0.450980392156863
Igsf3,0.352941176470588,0.764705882352941
Ilf2,0.303030303030303,0.55952380952381
Ilf3,0.538461538461538,0.5
Immt,0.181818181818182,0.766666666666667
Impa2,0.40625,0.611111111111111
Incenp,0.5,0.35
Ino80e,0.357142857142857,0.35
Inpp5d,0.5,0.428571428571429
Insig1,0.545454545454545,0.478260869565217
Ints1,0.666666666666667,0.631578947368421
Ints10,0.846153846153846,0.290322580645161
Ints11,0.739130434782609,0.354838709677419
Ints3,0.454545454545455,0.333333333333333
Ints4,0.565217391304348,0.586206896551724
Ints7,0.636363636363636,0.666666666666667
Ints8,0.375,0.727272727272727
Ints9,0.3125,0.55
Ipo4,0.909090909090909,0.25
Ipo5,0.403225806451613,0.568627450980392
Ipo7,0.425531914893617,0.568181818181818
Ipo9,0.565217391304348,0.5
Iqgap1,0.527272727272727,0.395348837209302
Iqgap3,0.458333333333333,0.482758620689655
Isg20l2,0.333333333333333,0.307692307692308
Isyna1,0.655172413793103,0.357142857142857
Itga5,0.166666666666667,0.5
Itga6,0.375,0.5
Itgav,0.466666666666667,0.727272727272727
Itgb1,0.644444444444444,0.428571428571429
Itpa,0.428571428571429,0.68
Itpk1,0.5,0.473684210526316
Itpr3,0.454545454545455,0.583333333333333
Iws1,0.466666666666667,0.407407407407407
Jak3,0.8,0.409090909090909
Jam2,0.5,0.5
Jarid2,0.454545454545455,0.333333333333333
Jup,0.272727272727273,0.68
Kank1,0.571428571428571,0.266666666666667
Kank2,0.394736842105263,0.703703703703704
Kars,0.755555555555556,0.131147540983607
Kat6b,0.555555555555556,0.566666666666667
Kdelr1,0.384615384615385,0.333333333333333
Kdelr2,0.666666666666667,0.533333333333333
Kdm1a,0.454545454545455,0.583333333333333
Kdm5b,0.492537313432836,0.41304347826087
Khdc3,0.535714285714286,0.285714285714286
Khsrp,0.355555555555556,0.466666666666667
Kif11,0.6875,0.722222222222222
Kif14,0.352941176470588,0.454545454545455
Kif15,0.35,0.619047619047619
Kif18b,0.424242424242424,0.4
Kif20a,0.517241379310345,0.527777777777778
Kif20b,0.371428571428571,0.571428571428571
Kif22,0.380952380952381,0.464285714285714
Kif23,0.666666666666667,0.304347826086957
Kif2c,0.368421052631579,0.3125
Kif5b,0.602941176470588,0.4
Kirrel,0.642857142857143,0.5
Kit,0.708333333333333,0.0714285714285714
Klf2,0.653846153846154,0.611111111111111
Klf5,0.75,0.642857142857143
Klhdc4,0.290322580645161,0.565217391304348
Kmt2c,0.307692307692308,0.388888888888889
Kmt2d,0.342105263157895,0.409090909090909
Knl1,0.608695652173913,0.615384615384615
Knop1,0.653846153846154,0.125
Kntc1,0.551724137931034,0.481481481481481
Kpnb1,0.464566929133858,0.49
Kri1,0.2,0.722222222222222
Ktn1,0.578947368421053,0.35
L1td1,0.506944444444444,0.415841584158416
Lactb2,0.583333333333333,0.444444444444444
Lama1,0.761904761904762,0.454545454545455
Lama5,0.583941605839416,0.51219512195122
Lamb1,0.793103448275862,0.428571428571429
Lamb2,0.391304347826087,0.217391304347826
Lamc1,0.491452991452991,0.467336683417085
Lamc2,0.695652173913043,0.294117647058824
Lamp1,0.428571428571429,0.291666666666667
Lap3,0.602150537634409,0.576086956521739
Laptm5,0.459459459459459,0.55
Larp4,0.307692307692308,0.454545454545455
Larp7,0.666666666666667,0.5
Lars,0.48936170212766,0.53
Lasp1,0.590909090909091,0.5
Lbr,0.553846153846154,0.511627906976744
Ldha,0.681318681318681,0.25
Ldlr,0.509433962264151,0.387755102040816
Lefty1,0.909090909090909,0.454545454545455
Lefty2,0.508474576271186,0.538461538461538
Leo1,0.476190476190476,0.529411764705882
Lgmn,0.111111111111111,0.666666666666667
Lifr,0.227272727272727,0.5
Lig1,0.489795918367347,0.471698113207547
Lig3,0.461538461538462,0.352941176470588
Lima1,0.513513513513513,0.479166666666667
Lin7c,0.55,0.32
Llgl1,0.307692307692308,0.571428571428571
Llgl2,0.545454545454545,0.5
Lmnb1,0.608695652173913,0.359712230215827
Lmnb2,0.625,0.5
Lonp1,0.466666666666667,0.5625
Lrp1,0.583333333333333,0.5
Lrp2,0.642857142857143,0.6875
Lrpap1,0.514285714285714,0.642857142857143
Lrpprc,0.426229508196721,0.535714285714286
Lsg1,0.515151515151515,0.611111111111111
Lsm4,0.727272727272727,0.444444444444444
Lss,0.458333333333333,0.5
Ltbp4,0.6,0.304347826086957
Ltn1,0.304347826086957,0.56
Ltv1,0.64,0.4
Lyar,0.538461538461538,0.571428571428571
Macroh2a1,0.727272727272727,0.285714285714286
Manba,0.372093023255814,0.659574468085106
Map1b,0.565217391304348,0.409090909090909
Map1s,0.76,0.28
Map3k4,0.529411764705882,0.461538461538462
Map4,0.529411764705882,0.454545454545455
Map4k4,0.653846153846154,0.473684210526316
Mars1,0.317460317460317,0.585365853658537
Mat2a,0.384615384615385,0.583333333333333
Mcl1,0.756756756756757,0.404761904761905
Mcm10,0.723880597014925,0.345132743362832
Mcm2,0.449101796407186,0.515527950310559
Mcm3,0.583333333333333,0.422077922077922
Mcm3ap,0.423076923076923,0.4
Mcm4,0.551282051282051,0.527777777777778
Mcm5,0.67948717948718,0.293478260869565
Mcm7,0.542713567839196,0.540540540540541
Mcmbp,0.363636363636364,0.518518518518518
Mdh1,0.523809523809524,0.615384615384615
Mdh2,0.348837209302326,0.583333333333333
Mdn1,0.564705882352941,0.44578313253012
Me2,0.611111111111111,0.416666666666667
Med16,0.789473684210526,0.133333333333333
Med24,0.666666666666667,0.722222222222222
Melk,0.479166666666667,0.454545454545455
Mesd,0.8,0.291666666666667
Mfge8,0.333333333333333,0.454545454545455
Mga,0.608695652173913,0.428571428571429
Mia2,0.4,0.592592592592593
Midn,0.285714285714286,0.631578947368421
Mis18bp1,0.642857142857143,0.571428571428571
Mki67,0.63265306122449,0.488888888888889
Mkrn2,0.6,0.384615384615385
Mlh1,0.409090909090909,0.45
Mms19,0.785714285714286,0.470588235294118
Morc1,0.840425531914894,0.288888888888889
Morc3,0.380952380952381,0.645161290322581
Morf4l1,0.619047619047619,0.64
Mov10,0.435897435897436,0.67741935483871
Mphosph10,0.578947368421053,0.4
Mphosph8,0.3,0.523809523809524
Mre11a,0.628571428571429,0.272727272727273
Mrpl12,0.416666666666667,0.631578947368421
Mrpl17,0.551020408163265,0.517241379310345
Mrpl28,0.5,0.214285714285714
Mrpl32,0.826086956521739,0.4
Mrpl39,0.521739130434783,0.619047619047619
Mrpl4,0.75,0.625
Mrpl43,0.5,0.588235294117647
Mrpl44,0.615384615384615,0.428571428571429
Mrpl47,0.692307692307692,0.19047619047619
Mrps10,0.416666666666667,0.444444444444444
Mrps12,0.692307692307692,0.733333333333333
Mrps15,0.466666666666667,0.272727272727273
Mrps16,0.708333333333333,0.612903225806452
Mrps24,0.583333333333333,0.533333333333333
Mrps27,0.583333333333333,0.607142857142857
Mrps28,0.514285714285714,0.354838709677419
Mrps30,0.5,0.633333333333333
Mrps34,0.411764705882353,0.533333333333333
Mrps35,0.48,0.241379310344828
Mrps9,0.458333333333333,0.5
Msh2,0.425742574257426,0.610526315789474
Msh6,0.483333333333333,0.522388059701492
Msmo1,0.523809523809524,0.416666666666667
Mtarc2,0.666666666666667,0.176470588235294
Mtbp,0.642857142857143,0.4
Mthfd1,0.465686274509804,0.481927710843373
Mthfd1l,0.617647058823529,0.529411764705882
Mtr,0.541666666666667,0.384615384615385
Mtrex,0.391304347826087,0.380952380952381
Mtss1,0.583333333333333,0.428571428571429
Mvd,0.423076923076923,0.478260869565217
Mvp,0.454545454545455,0.423076923076923
Mybbp1a,0.5,0.56
Mybl2,0.481012658227848,0.574074074074074
Mycn,0.782608695652174,0.258064516129032
Myef2,1,0
Myh10,0.585365853658537,0.484848484848485
Myh9,0.491735537190083,0.504761904761905
Myl6,0.5,0.470588235294118
Myo10,0.542553191489362,0.5625
Myo1b,0.444444444444444,0.666666666666667
Myo1c,0.454545454545455,0.375
Mzt2,0.882352941176471,0.117647058823529
N4bp2l2,0.25,0.538461538461538
Naa15,0.666666666666667,0.583333333333333
Naa35,0.48,0.454545454545455
Nanog,0.656804733727811,0.412698412698413
Nasp,0.476744186046512,0.648648648648649
Nat10,0.409090909090909,0.333333333333333
Naxe,0.739130434782609,0.5
Nbas,0.571428571428571,0.421052631578947
Ncam1,0.583333333333333,0.6
Ncapd2,0.303703703703704,0.632478632478632
Ncapg2,0.727272727272727,0.421052631578947
Ncaph,0.466666666666667,0.583333333333333
Ncl,0.489795918367347,0.5
Ncln,0.5,0.45
Ncoa3,0.457142857142857,0.379310344827586
Ncor1,0.1875,0.666666666666667
Ncor2,0.391304347826087,0.533333333333333
Ndc1,0.6875,0.555555555555556
Ndufa10,0.45,0.481481481481481
Ndufa3,0.523809523809524,0.363636363636364
Ndufa5,0.657142857142857,0.4
Ndufb1-ps,0.357142857142857,0.461538461538462
Ndufb11,0,1
Ndufb2,0.571428571428571,0.3125
Ndufb3,0.777777777777778,0.428571428571429
Ndufb6,0.185185185185185,0.428571428571429
Ndufb8,0.766666666666667,0.538461538461538
Ndufc2,0.636363636363636,0.571428571428571
Ndufs8,0.481481481481481,0.5
Ndufv2,0.481481481481481,0.45
Ndufv3,0.75,0.6
Nectin2,0.4,0.5
Nedd4,0.561933534743202,0.415929203539823
Nes,0.333333333333333,0.583333333333333
Nfatc2ip,0.724137931034483,0.419354838709677
Nfe2l2,0.214285714285714,0.615384615384615
Nfu1,0.384615384615385,0.583333333333333
Nhlrc2,0.739130434782609,0.409090909090909
Nhp2,0.461538461538462,0.80952380952381
Nid1,0.318965517241379,0.657142857142857
Nid2,0.391812865497076,0.49645390070922
Nme1,0.678571428571429,0.5
Nob1,0.6,0.34
Noc2l,0.70625,0.456375838926175
Noc3l,0.5,0.548387096774194
Noc4l,0.434782608695652,0.32258064516129
Noct,0.142857142857143,0.75
Nodal,0.307692307692308,0.555555555555556
Nol10,0.571428571428571,0.5
Nol6,0.42,0.538461538461538
Nol7,0.642857142857143,0.3125
Nol8,0.583333333333333,0.551724137931034
Nolc1,0.469798657718121,0.621951219512195
Nomo1,0.270833333333333,0.586206896551724
Nop14,0.263157894736842,0.523809523809524
Nop2,0.319148936170213,0.555555555555556
Nop53,0.416666666666667,0.454545454545455
Nop56,0.541666666666667,0.32
Nosip,0.545454545454545,0.357142857142857
Notch2,0.529411764705882,0.45
Npc1,0.272727272727273,0.642857142857143
Npm1,0.619047619047619,0.422222222222222
Npm3,0.4,0.688888888888889
Nqo1,0.619047619047619,0.533333333333333
Nrde2,0.266666666666667,0.521739130434783
Nsa2,0.647058823529412,0.294117647058824
Nsd1,0.454545454545455,0.466666666666667
Nsmce4a,0.529411764705882,0.523809523809524
Nsrp1,0.6,0.25
Nsun2,0.645161290322581,0.517241379310345
Nt5c3b,0.545454545454545,0.5
Nubp1,0.216216216216216,0.8
Nucb1,0.428571428571429,0.533333333333333
Nucks1,0.428571428571429,0.444444444444444
Nudc,0.595744680851064,0.552631578947368
Nudcd3,0.533333333333333,0.526315789473684
Nudt19,0.384615384615385,0.583333333333333
Nufip1,0.5,0.291666666666667
Numa1,0.411764705882353,0.405797101449275
Nup133,0.736842105263158,0.390243902439024
Nup153,0.307692307692308,0.363636363636364
Nup155,0.38,0.444444444444444
Nup188,0.380952380952381,0.553571428571429
Nup205,0.517241379310345,0.625
Nup210,0.333333333333333,0.642857142857143
Nup50,0.434782608695652,0.230769230769231
Nup62,0.423076923076923,0.32
Nup88,0.484848484848485,0.5
Nup93,0.6875,0.230769230769231
Nup98,0.6,0.342105263157895
Nusap1,0.395348837209302,0.571428571428571
Nvl,0.358490566037736,0.571428571428571
Nxf1,0.545454545454545,0.791666666666667
Nynrin,0.526315789473684,0.285714285714286
Ogdh,0.463414634146341,0.461538461538462
Ogdhl,0.35,0.558823529411765
Ogt,0,1
Oip5,0.705882352941177,0.347826086956522
Ooep,0.416666666666667,0.25
Orc1,0.387096774193548,0.65
Orc6,0.560975609756098,0.515151515151515
Osgep,0.521739130434783,0.625
Ostf1,0.466666666666667,0.588235294117647
P3h1,0.5,0.28
P4ha1,0.6,0.642857142857143
P4hb,0.44,0.395348837209302
Pabpc1,0.357142857142857,0.478260869565217
Paics,0.546296296296296,0.478260869565217
Pak1ip1,0.555555555555556,0.473684210526316
Pakap,0.5,0.625
Palb2,0.454545454545455,0.727272727272727
Pald1,0.545454545454545,0.535714285714286
Pan2,0.5,0.6875
Papola,0.25,0.6
Pard3,0.727272727272727,0.583333333333333
Parp1,0.602678571428571,0.522012578616352
Parp2,0.882352941176471,0.517241379310345
Parpbp,0.75,0.375
Pawr,0.666666666666667,0.142857142857143
Paxbp1,0.461538461538462,0.428571428571429
Pccb,0.352941176470588,0.75
Pcid2,0.714285714285714,0.25
Pck2,0.68,0.242424242424242
Pcm1,0.833333333333333,0.444444444444444
Pcnt,0.6,0.266666666666667
Pcnx3,0.357142857142857,0.466666666666667
Pcolce,0.431818181818182,0.565789473684211
Pdcd11,0.607843137254902,0.381818181818182
Pdcd2l,0.473684210526316,0.352941176470588
Pdia3,0.465116279069767,0.561643835616438
Pdia4,0.543478260869565,0.567567567567568
Pdlim1,0.538461538461538,0.5
Pdp2,0.529411764705882,0.666666666666667
Pecam1,0.5,0.416666666666667
Pef1,0.615384615384615,0.529411764705882
Peg3,0.304347826086957,0.740740740740741
Pelp1,0.446808510638298,0.441176470588235
Pepd,0.428571428571429,0.590909090909091
Pfas,0.5,0.366666666666667
Pfdn4,0.7,0.25
Pfdn6,0.166666666666667,0.740740740740741
Pfkl,0.695652173913043,0.258064516129032
Pfkp,0.521739130434783,0.375
Pgam1,0.676923076923077,0.291666666666667
Pgd,0.194444444444444,0.661538461538462
Phax,0.35,0.529411764705882
Phb,0.482142857142857,0.479166666666667
Phb2,0.344262295081967,0.622641509433962
Phgdh,0.372093023255814,0.5
Phyh,0.25,0.666666666666667
Piezo1,0.785714285714286,0.565217391304348
Pik3r4,0.609756097560976,0.516129032258065
Pitrm1,0.529411764705882,0.705882352941177
Pkm,0.427518427518428,0.67816091954023
Pla2g6,0.5625,0.615384615384615
Plaa,0.5,0.523809523809524
Platr25,0.214285714285714,0.727272727272727
Plcb3,0.608695652173913,0.419354838709677
Plcg2,0.608695652173913,0.444444444444444
Pld3,0.333333333333333,0.545454545454545
Plec,0.545454545454545,0.379310344827586
Plekha7,0.428571428571429,0.478260869565217
Plekhg3,0.476190476190476,0.416666666666667
Plekhg5,0.0833333333333333,0.75
Plekhh1,0.470588235294118,0.15
Plin3,0.371428571428571,0.478260869565217
Plk1,0.684210526315789,0.38
Plod3,0.541666666666667,0.315789473684211
Plscr1,0.636363636363636,0.363636363636364
Pltp,0.333333333333333,0.846153846153846
Plxna1,0.277777777777778,0.833333333333333
Pml,0.558823529411765,0.407407407407407
Pmm1,0.85,0.75
Pmpcb,0.538461538461538,0.272727272727273
Pnpla2,0.565217391304348,0.266666666666667
Pnpla6,0.863636363636364,0.333333333333333
Pnpt1,0.5,0.642857142857143
Pola1,0,1
Pola2,0.641025641025641,0.444444444444444
Pold1,0.422680412371134,0.511363636363636
Poldip2,0.65,0.45
Pole,0.586206896551724,0.631578947368421
Pole2,0.5,0.375
Polr1a,0.666666666666667,0.608695652173913
Polr2a,0.568965517241379,0.485714285714286
Polr2b,0.487179487179487,0.594594594594595
Polr3b,0.666666666666667,0.692307692307692
Por,0.689655172413793,0.428571428571429
Ppan,0.5,0.692307692307692
Ppfibp1,0.692307692307692,0.5
Ppib,0.684210526315789,0.533333333333333
Ppid,0.555555555555556,0.304347826086957
Ppif,0.557377049180328,0.258064516129032
Ppm1g,0.6875,0.266666666666667
Ppp1ca,0.733333333333333,0.772727272727273
Ppp1r12a,0.619047619047619,0.421052631578947
Ppp1r15b,0.2,0.625
Ppp2ca,0.666666666666667,0.25
Ppp2r1a,0.573770491803279,0.328571428571429
Ppp2r5d,0.363636363636364,0.636363636363636
Ppp5c,0.5,0.551724137931034
Ppp6r1,0.416666666666667,0.5625
Pprc1,0.416666666666667,0.513513513513513
Prdm14,0.9,0.263157894736842
Prdx4,0,1
Prelid3b,0.714285714285714,0.285714285714286
Prep,0.555555555555556,0.571428571428571
Prim2,0.423076923076923,0.56
Prkar1a,0.534883720930233,0.739130434782609
Prkci,0.311111111111111,0.702702702702703
Prkdc,0.666666666666667,0.441176470588235
Prmt1,0.457627118644068,0.485714285714286
Prmt3,0.542857142857143,0.357142857142857
Prmt5,0.52,0.470588235294118
Prpf19,0.578947368421053,0.404761904761905
Prpf8,0.554054054054054,0.477611940298507
Prrc2b,0.769230769230769,0.4
Prrc2c,0.468085106382979,0.573770491803279
Psap,0.581818181818182,0.387323943661972
Psat1,0.6375,0.269230769230769
Psip1,0.428571428571429,0.48
Psma1,0.511111111111111,0.775
Psma2,0.62962962962963,0.291666666666667
Psma3,0.416666666666667,0.380952380952381
Psmb1,0.588235294117647,0.411764705882353
Psmb4,0.48780487804878,0.401869158878505
Psmb6,0.576923076923077,0.465116279069767
Psmb7,0.423913043478261,0.6
Psmc1,0.535714285714286,0.818181818181818
Psmc3,0.461538461538462,0.541666666666667
Psmc4,0.4,0.65
Psmc5,0.53125,0.55
Psmc6,0.307692307692308,0.615384615384615
Psmd1,0.568181818181818,0.461538461538462
Psmd12,0.5625,0.555555555555556
Psmd3,0.446153846153846,0.425925925925926
Psmd5,0.5,0.428571428571429
Psmd7,0.64,0.442622950819672
Psmd8,0.785714285714286,0.5
Psmg1,0.45,0.714285714285714
Psph,0.416666666666667,0.428571428571429
Ptcd3,0.909090909090909,0.533333333333333
Ptgr1,0.846153846153846,0.291666666666667
Ptk7,0.581395348837209,0.333333333333333
Ptprf,0.5,0.371428571428571
Pttg1,0.781818181818182,0.131578947368421
Pttg1ip,0.769230769230769,0.636363636363636
Pum3,0.5,0.542857142857143
Pycr2,0.575757575757576,0.433333333333333
Pygb,0.375,0.733333333333333
Pym1,0.576923076923077,0.111111111111111
Rab11fip1,0.857142857142857,0.571428571428571
Rab3gap2,0.478260869565217,0.5625
Rab5c,0.454545454545455,0.526315789473684
Rab7,0.529411764705882,0.363636363636364
Rabggta,0.65,0.28
Rabggtb,0.636363636363636,0.368421052631579
Rac1,0.526315789473684,0.48
Racgap1,0.414634146341463,0.666666666666667
Rad18,0.416666666666667,0.363636363636364
Rad21,0.614035087719298,0.296296296296296
Ralbp1,0.130434782608696,0.722222222222222
Ranbp2,0.522727272727273,0.590909090909091
Rars,0.285714285714286,0.6
Rbak,0.555555555555556,0.266666666666667
Rbbp6,0.444444444444444,0.357142857142857
Rbm19,0.333333333333333,0.36
Rbm28,0.625,0.307692307692308
Rbm3,0.0344827586206897,1
Rbm39,0.266666666666667,0.4375
Rcc2,0.666666666666667,0.325153374233129
Rcl1,0.333333333333333,0.666666666666667
Rcn1,0.642857142857143,0.25
Rdm1,0.125,0.571428571428571
Rdx,0.704545454545455,0.41304347826087
Resf1,0.5,0.769230769230769
Rest,0.403846153846154,0.585106382978723
Retsat,0.8125,0.0625
Rex1bd,0.736842105263158,0.25
Rfc1,0.515151515151515,0.478260869565217
Rhoa,0.371428571428571,0.512820512820513
Rif1,0.454545454545455,0.463157894736842
Rint1,0.2,0.5
Riok2,0.523809523809524,0.529411764705882
Ripor1,0.75,0.352941176470588
Rnaseh2a,0.75,0.461538461538462
Rnaseh2b,0.315789473684211,0.9
Rnf17,0.0555555555555556,0.91304347826087
Rnf213,0.434343434343434,0.541666666666667
Rnh1,0.5,0.590909090909091
Rnps1,0.590909090909091,0.5
Rogdi,0.62962962962963,0.476190476190476
Ror2,0.533333333333333,0.5
Rpa1,0.515151515151515,0.565217391304348
Rpa2,0.615384615384615,0.477272727272727
Rpap1,0.486486486486487,0.492537313432836
Rpf2,0.75,0.478260869565217
Rpl10a,0.348837209302326,0.641666666666667
Rpl10l,0.533333333333333,0.476190476190476
Rpl13,0.628158844765343,0.324675324675325
Rpl14,0.486111111111111,0.51219512195122
Rpl15,0.60377358490566,0.473684210526316
Rpl17,0.413793103448276,0.484848484848485
Rpl19,0.545212765957447,0.508108108108108
Rpl21,0.0833333333333333,0.85
Rpl22,0.403846153846154,0.447368421052632
Rpl26,0.506849315068493,0.526315789473684
Rpl28,0.748400852878465,0.271144278606965
Rpl36,0.428571428571429,0.6
Rpl37a,0.390070921985816,0.56140350877193
Rpl38,0.444444444444444,0.482758620689655
Rpl4,0.707692307692308,0.458715596330275
Rpl9,1,0
Rpn2,0.583333333333333,0.448275862068966
Rprd2,0.692307692307692,0.523809523809524
Rps11,0.557446808510638,0.513833992094862
Rps12,0.523076923076923,0.555555555555556
Rps13,0.817708333333333,0.189655172413793
Rps20,0.342105263157895,0.647058823529412
Rps27l,0.3125,0.615384615384615
Rps3,0.581560283687943,0.45859872611465
Rps4x,0,1
Rps6,0.351648351648352,0.644736842105263
Rps6ka1,0.416666666666667,0.625
Rps8,0.410714285714286,0.568965517241379
Rpsa,0.286885245901639,0.699186991869919
Rrm1,0.48,0.657142857142857
Rrm2,0.609756097560976,0.347826086956522
Rrn3,0.578947368421053,0.578947368421053
Rrp1,0.411764705882353,0.538461538461538
Rrp12,0.586666666666667,0.407407407407407
Rrp15,0.727272727272727,0.384615384615385
Rrp1b,0.380952380952381,0.727272727272727
Rrp36,0.642857142857143,0.25
Rsf1,0.727272727272727,0.238095238095238
Rsl1d1,0.472727272727273,0.490196078431373
Rsl24d1,0.565217391304348,0.45
Rtf1,0.444444444444444,0.666666666666667
Rtkn2,0.714285714285714,0.416666666666667
Rtn3,0.5,0.333333333333333
Rtn4,0.611111111111111,0.34375
Ruvbl2,0.403846153846154,0.542857142857143
S100a10,0.619047619047619,0.529411764705882
Safb,0.588235294117647,0.366666666666667
Sall4,0.520833333333333,0.480519480519481
Samhd1,0.466666666666667,0.842105263157895
Samm50,0.454545454545455,0.594594594594595
Sap130,0.583333333333333,0.411764705882353
Sart1,0.4,0.695652173913043
Sart3,0.59375,0.5
Sc5d,0.461538461538462,0.416666666666667
Scaf1,0.380952380952381,0.647058823529412
Scaf11,0.560975609756098,0.636363636363636
Scarb2,0.416666666666667,0.571428571428571
Scd2,0.491228070175439,0.428571428571429
Scfd1,0.4375,0.583333333333333
Scp2,0,0.818181818181818
Sde2,0.458333333333333,0.475
Sdha,0.441558441558442,0.543859649122807
Sdhaf1,0.545454545454545,0.272727272727273
Sdhc,0.533333333333333,0.625
Sec22b,0.347826086956522,0.6
Sec23a,0.545454545454545,0.454545454545455
Sec23ip,0.538461538461538,0.388888888888889
Sec31a,0.424242424242424,0.652173913043478
Sec61g,0.416666666666667,0.583333333333333
Seh1l,0.5,0.428571428571429
Sem1,0.538461538461538,0.421052631578947
Sema4d,0.3,0.565217391304348
Septin11,0.454545454545455,0.458823529411765
Septin9,0.515151515151515,0.482758620689655
Serbp1,0.588235294117647,0.363636363636364
Serinc3,0.705882352941177,0.533333333333333
Serpinh1,0.555555555555556,0.25
Setx,0.333333333333333,0.678571428571429
Sf1,0.391304347826087,0.523809523809524
Sf3a2,0.452380952380952,0.407407407407407
Sf3a3,0.517241379310345,0.476190476190476
Sf3b1,0.526315789473684,0.555555555555556
Sfrp1,0.708333333333333,0.368421052631579
Sgo1,0.529411764705882,0.75
Sgo2a,0.36,0.595744680851064
Sh3bp4,0.133333333333333,0.6875
Sh3tc1,0.1875,0.533333333333333
Shmt1,0.333333333333333,0.636363636363636
Shprh,0.153846153846154,0.818181818181818
Shq1,0.764705882352941,0.4
Shroom3,0.583333333333333,0.4375
Sik1,0.705882352941177,0.476190476190476
Slbp,0.388888888888889,0.454545454545455
Slc12a7,0.41025641025641,0.516129032258065
Slc16a1,0.6,0.372881355932203
Slc1a5,0.64,0.363636363636364
Slc20a1,0.555555555555556,0.421052631578947
Slc25a1,0.45,0.210526315789474
Slc25a13,0.528735632183908,0.5625
Slc25a3,0.571428571428571,0.5
Slc29a1,0.52,0.407407407407407
Slc2a1,0.447368421052632,0.592592592592593
Slc2a3,0.346774193548387,0.585454545454545
Slc38a10,0.594594594594595,0.294117647058824
Slc3a2,0.543624161073825,0.425
Slc7a1,0.4375,0.483870967741935
Smarca4,0.444444444444444,0.466666666666667
Smarcad1,0.454545454545455,0.62962962962963
Smarcb1,0.428571428571429,0.387096774193548
Smarcc1,0.466666666666667,0.39344262295082
Smc2,0.363636363636364,0.615384615384615
Smc4,0.478260869565217,0.478260869565217
Smg5,0.545454545454545,0.590909090909091
Smn1,0.555555555555556,0.388888888888889
Smu1,0.351351351351351,0.653846153846154
Snd1,0.36734693877551,0.508474576271186
Snrnp200,0.4375,0.528089887640449
Snrnp40,0.682926829268293,0.511111111111111
Snrnp70,0.466666666666667,0.454545454545455
Snrpb2,0.571428571428571,0.615384615384615
Snrpd1,0.379310344827586,0.685714285714286
Snrpd3,0.451612903225806,0.520833333333333
Snw1,0.466666666666667,0.474576271186441
Sod1,0.458333333333333,0.571428571428571
Son,0.593220338983051,0.620689655172414
Sorl1,0.607142857142857,0.476190476190476
Sparc,0.470588235294118,0.615384615384615
Spata5,0.272727272727273,0.615384615384615
Spc24,0.583333333333333,0.733333333333333
Spen,0.714285714285714,0.4
Spg11,0.523809523809524,0.583333333333333
Spint2,0.5,0.307692307692308
Spns1,0.375,0.692307692307692
Spp1,0.364963503649635,0.641509433962264
Sptan1,0.564356435643564,0.326732673267327
Sptbn1,0.372549019607843,0.431818181818182
Sqstm1,0.666666666666667,0.372881355932203
Srbd1,0.714285714285714,0.24
Srebf2,0.65,0.379310344827586
Srfbp1,0.4375,0.526315789473684
Srp14,0.447368421052632,0.48
Srp72,0.523809523809524,0.421052631578947
Srpk1,0.533333333333333,0.565217391304348
Srrm1,0.36,0.7
Srrt,0.583333333333333,0.551282051282051
Srsf2,0.439655172413793,0.464285714285714
Ssh1,1,0
Ssr1,0.333333333333333,0.454545454545455
Ssr2,0.666666666666667,0.425
Ssr3,0.6,0.333333333333333
Stip1,0.613636363636364,0.457627118644068
Stoml2,0.6,0.439024390243902
Stt3a,0.528846153846154,0.5125
Sucla2,0.357142857142857,0.333333333333333
Suclg1,0.418604651162791,0.519230769230769
Sugt1,0.617647058823529,0.35
Sulf2,0.5,0.6
Supt16,0.407407407407407,0.533333333333333
Swt1,0.238095238095238,0.631578947368421
Sympk,0.372093023255814,0.578947368421053
Tacc2,0.21875,0.744186046511628
Tada2a,0.479166666666667,0.638888888888889
Tada3,0.428571428571429,0.52
Taf7,0.564102564102564,0.454545454545455
Tagln2,0.535714285714286,0.541666666666667
Taldo1,0.458333333333333,0.407407407407407
Tanc1,0.529411764705882,0.521739130434783
Tango6,0.705882352941177,0.461538461538462
Tarbp1,0.769230769230769,0.555555555555556
Tardbp,0.678571428571429,0.535714285714286
Tars,0.508196721311475,0.465116279069767
Tbc1d1,0.55,0.444444444444444
Tbcb,0.388888888888889,0.441176470588235
Tbl3,0.530120481927711,0.39622641509434
Tbx3,0.55,0.475409836065574
Tcf20,0.428571428571429,0.5
Tcf25,0.904761904761905,0.416666666666667
Tcof1,0.467532467532468,0.55625
Tcp1,0.590909090909091,0.454545454545455
Tdp2,0.666666666666667,0.583333333333333
Tedc1,0.333333333333333,0.466666666666667
Tenm3,0.71875,0.378378378378378
Tenm4,0.5,0.285714285714286
Tes,0.470588235294118,0.529411764705882
Tet1,0.567567567567568,0.555555555555556
Tet2,0.52,0.617021276595745
Tex10,0.333333333333333,0.636363636363636
Tfcp2l1,0.355555555555556,0.581818181818182
Tfdp1,0.666666666666667,0.314285714285714
Tfip11,0.5625,0.294117647058824
Tfrc,0.7,0.296296296296296
Tgoln1,0.41025641025641,0.466666666666667
Thada,0.380952380952381,0.944444444444444
Thoc3,0.434782608695652,0.388888888888889
Thop1,0.590909090909091,0.571428571428571
Thumpd1,0.611111111111111,0.590909090909091
Thumpd3,0.25,0.791666666666667
Ticrr,0.666666666666667,0.46875
Tigar,0.408450704225352,0.658536585365854
Timeless,0.604166666666667,0.339622641509434
Timm17a,0.5,0.291666666666667
Timm44,0.8,0.24
Tjp2,0.433962264150943,0.558139534883721
Tk1,0.463414634146341,0.4375
Tkt,0.477941176470588,0.496794871794872
Tle3,0.542857142857143,0.53125
Tln1,0.527777777777778,0.65625
Tln2,0.133333333333333,0.538461538461538
Tm7sf3,0.433333333333333,0.636363636363636
Tm9sf2,0.32,0.434782608695652
Tmed10,0.428571428571429,0.615384615384615
Tmem131,0.44,0.416666666666667
Tmem14c,0.45,0.625
Tmem209,0.689655172413793,0.521739130434783
Tmem245,0.434782608695652,0.6875
Tmem258,0.584615384615385,0.454545454545455
Tmem41b,0.5,0.5
Tmem70,0.583333333333333,0.5
Tmem97,0.454545454545455,0.714285714285714
Tnks,0.444444444444444,0.285714285714286
Tnks2,0.5,0.515151515151515
Tnpo1,0.466666666666667,0.583333333333333
Tnrc18,0.409090909090909,0.5
Tns3,0.585365853658537,0.415094339622642
Tomm40,0.620689655172414,0.578947368421053
Tomm70a,0.558823529411765,0.52
Top2a,0.438202247191011,0.467796610169492
Top3b,0.4375,0.538461538461538
Topbp1,0.454545454545455,0.482758620689655
Tpd52l2,0.541666666666667,0.454545454545455
Tpr,0.620689655172414,0.389473684210526
Tpx2,0.423076923076923,0.433333333333333
Tra2b,0.580645161290323,0.333333333333333
Trappc11,0.545454545454545,0.538461538461538
Trappc5,0.923076923076923,0.166666666666667
Trh,0.125,0.787878787878788
Trim24,0.571428571428571,0.666666666666667
Trim25,0.782608695652174,0.5
Trim28,0.538461538461538,0.285714285714286
Trim6,0.474576271186441,0.5
Trim71,0.476190476190476,0.470588235294118
Trip12,0.578947368421053,0.478260869565217
Trmt6,0.5,0.533333333333333
Trp53,0.52112676056338,0.382352941176471
Trrap,0.518518518518518,0.481481481481481
Tsen2,0.65,0.444444444444444
Tsfm,0.44,0.4375
Tsr1,0.613636363636364,0.484848484848485
Tsta3,0.4375,0.416666666666667
Ttc27,0.363636363636364,0.538461538461538
Ttc4,0.263157894736842,0.375
Ttc5,0.833333333333333,0.307692307692308
Ttf2,0.260869565217391,0.423076923076923
Ttll12,0.5,0.461538461538462
Ttn,0.421052631578947,0.454545454545455
Tubb2b,0.466666666666667,0.447368421052632
Tubb4b,0.384615384615385,0.4375
Tufm,0.473684210526316,0.619047619047619
Tut1,0.368421052631579,0.916666666666667
Twf2,0.421052631578947,0.65
Txlna,0.529411764705882,0.615384615384615
Txnl1,0.512820512820513,0.444444444444444
Txnrd1,0.769230769230769,0.421052631578947
U2surp,0.689655172413793,0.46875
Uba1,0,1
Uba2,0.307692307692308,0.636363636363636
Uba3,0.294117647058824,0.636363636363636
Ubap2,0.577777777777778,0.459459459459459
Ube2c,0.310344827586207,0.722222222222222
Ube2k,0.848484848484849,0.25
Ube2o,0.5,0.6
Ube2s,1,0.277777777777778
Ube2t,0.545454545454545,0.384615384615385
Ube2z,0.647058823529412,0.6
Ubqln1,0.5,0.5
Ubr4,0.396039603960396,0.653061224489796
Ubr5,0.583333333333333,0.6
Ubr7,0.551724137931034,0.609756097560976
Ubtf,0.615384615384615,0.5
Uck2,0.363636363636364,0.473684210526316
Ugdh,0.733333333333333,0.1875
Uggt1,0.384615384615385,0.51219512195122
Uhrf1,0.571428571428571,0.5
Uhrf1bp1,0.294117647058824,0.6
Umps,0.387096774193548,0.409090909090909
Upf1,0.727272727272727,0.44
Upf2,0.4375,0.0909090909090909
Upp1,0.480769230769231,0.418918918918919
Uqcrc1,0.607142857142857,0.604938271604938
Uqcrc2,0.714285714285714,0.387096774193548
Uqcrfs1,0.454545454545455,0.526315789473684
Urb1,0.46551724137931,0.418604651162791
Urb2,0.715596330275229,0.350877192982456
Uri1,0.375,0.375
Usp10,0.727272727272727,0.225806451612903
Usp19,0.466666666666667,0.586206896551724
Usp33,0.727272727272727,0.555555555555556
Usp34,0.733333333333333,0.238095238095238
Usp37,0.571428571428571,0.470588235294118
Usp5,0.615384615384615,0.428571428571429
Usp9x,0,1
Utp14a,0,1
Utp15,0.375,0.5
Utp20,0.545454545454545,0.5
Utp4,0.533333333333333,0.428571428571429
Utp6,0.727272727272727,0.666666666666667
Utrn,0.454545454545455,0.625
Vat1,0.5,0.363636363636364
Vcp,0.352941176470588,0.615384615384615
Vdac1,0.346153846153846,0.57847533632287
Vim,0.223021582733813,0.885714285714286
Virma,0.529411764705882,0.823529411764706
Vps11,0.5,0.181818181818182
Vps13a,0.470588235294118,0.454545454545455
Vps13c,0.454545454545455,0.655172413793103
Vps16,0.6,0.6
Vps35,0.6875,0.236842105263158
Wapl,0.321428571428571,0.666666666666667
Wars,0.466666666666667,0.346153846153846
Washc2,0.5,0.55
Washc4,0.375,0.548387096774194
Wbp11,0.5,0.529411764705882
Wdr11,0.416666666666667,0.666666666666667
Wdr18,0.466666666666667,0.75
Wdr3,0.5,0.6
Wdr33,0.486486486486487,0.5
Wdr36,0.393939393939394,0.521739130434783
Wdr4,0.4375,0.384615384615385
Wdr43,0.416666666666667,0.568181818181818
Wdr46,0.4,0.631578947368421
Wdr5,0.702127659574468,0.315789473684211
Wdr62,0.555555555555556,0.181818181818182
Wdr73,0.789473684210526,0.214285714285714
Wdr74,0.571428571428571,0.521739130434783
Wdr75,0.482758620689655,0.548387096774194
Wdtc1,0.357142857142857,0.4
Wfdc2,0.428571428571429,0.333333333333333
Xab2,0.6,0.5
Xpnpep1,0.526315789473684,0.542857142857143
Xpot,0.413793103448276,0.347826086956522
Xrcc1,0.555555555555556,0.5
Xrcc5,0.516483516483517,0.494117647058824
Xrn2,0.631578947368421,0.625
Yars,0.578947368421053,0.441860465116279
Yars2,0.19047619047619,0.545454545454545
Yeats2,0.714285714285714,0.789473684210526
Yif1b,0.363636363636364,0.583333333333333
Yme1l1,0.454545454545455,0.266666666666667
Ywhae,0.508771929824561,0.574074074074074
Ywhag,0.368421052631579,0.4375
Zc3h18,0.555555555555556,0.352941176470588
Zc3hav1,0.727272727272727,0.25
Zfp106,0.377777777777778,0.517241379310345
Zfp217,0.48,0.333333333333333
Zfp42,0.882352941176471,0.108695652173913
Zfp518b,0.481481481481481,0.375
Zfp532,0.2,0.75
Zfp568,0.363636363636364,0.545454545454545
Zfp574,0.380952380952381,0.666666666666667
Zfp710,0.619047619047619,0.388888888888889
Zfp809,0.615384615384615,0
Zfyve26,0.777777777777778,0.233333333333333
Zmat5,0.692307692307692,0.461538461538462
Zpr1,0.473684210526316,0.5
Zswim1,0.526315789473684,0.416666666666667
Zw10,0.307692307692308,0.5
Zwilch,0.470588235294118,0.583333333333333
Zwint,0.461538461538462,0.684210526315789
