gene,long_rep1_ASE_pat,long_rep1_ASE_mat,long_rep1_pat_ratio,long_rep1_longread_def,long_rep2_ASE_pat,long_rep2_ASE_mat,long_rep2_pat_ratio,long_rep2_longread_def
1110038F14Rik,22,20,0.523809523809524,none,31,20,0.607843137254902,none
1190007I07Rik,46,30,0.605263157894737,none,36,38,0.486486486486487,none
2210016F16Rik,21,46,0.313432835820896,none,30,35,0.461538461538462,none
2610507B11Rik,41,86,0.322834645669291,none,18,38,0.321428571428571,none
3110082I17Rik,60,40,0.6,none,40,26,0.606060606060606,none
4833439L19Rik,27,51,0.346153846153846,none,25,30,0.454545454545455,none
6030458C11Rik,7,34,0.170731707317073,maternal,17,25,0.404761904761905,none
9130401M01Rik,96,81,0.542372881355932,none,133,54,0.711229946524064,none
A430005L14Rik,65,67,0.492424242424242,none,33,40,0.452054794520548,none
Aars,210,82,0.719178082191781,none,252,118,0.681081081081081,none
Aatf,44,35,0.556962025316456,none,34,34,0.5,none
Abcc5,20,42,0.32258064516129,none,19,54,0.26027397260274,none
Abcd3,28,26,0.518518518518518,none,25,17,0.595238095238095,none
Abhd11,42,45,0.482758620689655,none,48,44,0.521739130434783,none
Abhd4,29,20,0.591836734693878,none,28,26,0.518518518518518,none
Abracl,38,24,0.612903225806452,none,28,28,0.5,none
Acaca,47,29,0.618421052631579,none,24,24,0.5,none
Acadl,46,40,0.534883720930233,none,41,17,0.706896551724138,none
Acadm,52,38,0.577777777777778,none,76,59,0.562962962962963,none
Acads,19,47,0.287878787878788,none,31,49,0.3875,none
Acd,38,20,0.655172413793103,none,31,20,0.607843137254902,none
Acly,126,138,0.477272727272727,none,142,125,0.531835205992509,none
Acsl1,44,17,0.721311475409836,none,35,12,0.74468085106383,none
Acsl3,52,38,0.577777777777778,none,41,42,0.493975903614458,none
Actl6a,115,173,0.399305555555556,none,108,144,0.428571428571429,none
Actn1,74,81,0.47741935483871,none,65,73,0.471014492753623,none
Actn4,66,67,0.496240601503759,none,54,51,0.514285714285714,none
Actr10,41,56,0.422680412371134,none,38,37,0.506666666666667,none
Actr1a,31,34,0.476923076923077,none,32,31,0.507936507936508,none
Actr8,20,32,0.384615384615385,none,25,22,0.531914893617021,none
Acy1,37,28,0.569230769230769,none,32,36,0.470588235294118,none
Add1,26,24,0.52,none,26,36,0.419354838709677,none
Adh5,317,308,0.5072,none,209,194,0.518610421836228,none
Adi1,33,39,0.458333333333333,none,32,32,0.5,none
Adk,59,79,0.427536231884058,none,50,36,0.581395348837209,none
Adsl,69,115,0.375,none,63,102,0.381818181818182,none
Afdn,36,33,0.521739130434783,none,19,22,0.463414634146341,none
Aff4,21,32,0.39622641509434,none,27,24,0.529411764705882,none
Afg3l1,77,34,0.693693693693694,none,38,29,0.567164179104478,none
Afg3l2,42,47,0.471910112359551,none,41,43,0.488095238095238,none
Aga,42,3,0.933333333333333,paternal,38,5,0.883720930232558,paternal
Agfg1,65,87,0.427631578947368,none,47,77,0.379032258064516,none
Aggf1,43,50,0.462365591397849,none,21,33,0.388888888888889,none
Ago2,27,32,0.457627118644068,none,31,38,0.449275362318841,none
Agrn,25,21,0.543478260869565,none,31,16,0.659574468085106,none
Ahctf1,55,51,0.518867924528302,none,38,40,0.487179487179487,none
Ajuba,88,89,0.497175141242938,none,44,51,0.463157894736842,none
Akap12,238,303,0.43992606284658,none,180,194,0.481283422459893,none
Aldh18a1,49,50,0.494949494949495,none,50,53,0.485436893203884,none
Aldh2,81,76,0.515923566878981,none,33,43,0.434210526315789,none
Aldh7a1,60,77,0.437956204379562,none,44,39,0.530120481927711,none
Aldh9a1,132,76,0.634615384615385,none,92,43,0.681481481481481,none
Alg11,48,19,0.716417910447761,none,29,19,0.604166666666667,none
Alkbh2,32,27,0.542372881355932,none,35,36,0.492957746478873,none
Alkbh5,39,35,0.527027027027027,none,47,38,0.552941176470588,none
Alpl,165,119,0.580985915492958,none,169,129,0.567114093959732,none
Anapc1,43,52,0.452631578947368,none,41,39,0.5125,none
Anapc5,238,199,0.544622425629291,none,224,211,0.514942528735632,none
Ankrd10,103,38,0.730496453900709,none,78,19,0.804123711340206,paternal
Ankrd13a,24,17,0.585365853658537,none,31,20,0.607843137254902,none
Ankrd37,26,15,0.634146341463415,none,42,19,0.688524590163934,none
Anln,61,52,0.539823008849557,none,49,51,0.49,none
Anxa11,36,27,0.571428571428571,none,27,27,0.5,none
Anxa6,91,58,0.610738255033557,none,77,47,0.620967741935484,none
Anxa7,91,118,0.435406698564593,none,72,108,0.4,none
Ap1g1,67,19,0.779069767441861,none,56,21,0.727272727272727,none
Ap2a1,60,61,0.495867768595041,none,44,46,0.488888888888889,none
Ap2a2,55,60,0.478260869565217,none,49,53,0.480392156862745,none
Ap3b1,15,34,0.306122448979592,none,18,35,0.339622641509434,none
Ap3s2,45,37,0.548780487804878,none,27,35,0.435483870967742,none
Api5,56,57,0.495575221238938,none,43,60,0.41747572815534,none
Aplp2,84,63,0.571428571428571,none,55,60,0.478260869565217,none
Apobec3,44,55,0.444444444444444,none,51,73,0.411290322580645,none
Apopt1,54,24,0.692307692307692,none,44,22,0.666666666666667,none
Appl1,27,27,0.5,none,36,21,0.631578947368421,none
Aqr,40,71,0.36036036036036,none,19,30,0.387755102040816,none
Arhgap5,25,26,0.490196078431373,none,26,24,0.52,none
Arhgef18,46,28,0.621621621621622,none,43,22,0.661538461538462,none
Arl14epl,42,70,0.375,none,56,64,0.466666666666667,none
Arl6ip6,58,76,0.432835820895522,none,51,52,0.495145631067961,none
Armt1,42,39,0.518518518518518,none,24,21,0.533333333333333,none
Arpc1a,43,48,0.472527472527473,none,38,38,0.5,none
Arpc5,58,82,0.414285714285714,none,53,73,0.420634920634921,none
Asns,469,525,0.471830985915493,none,494,542,0.476833976833977,none
Asxl1,26,21,0.553191489361702,none,20,27,0.425531914893617,none
Atad1,70,66,0.514705882352941,none,28,31,0.474576271186441,none
Atad2,25,42,0.373134328358209,none,21,33,0.388888888888889,none
Atad3a,86,64,0.573333333333333,none,51,56,0.476635514018692,none
Atg4b,20,23,0.465116279069767,none,27,22,0.551020408163265,none
Atic,161,164,0.495384615384615,none,114,149,0.433460076045627,none
Atmin,80,32,0.714285714285714,none,54,40,0.574468085106383,none
Atp11b,31,33,0.484375,none,20,29,0.408163265306122,none
Atp13a3,61,57,0.516949152542373,none,44,46,0.488888888888889,none
Atp2a2,50,59,0.458715596330275,none,80,96,0.454545454545455,none
Atp2c1,42,45,0.482758620689655,none,23,25,0.479166666666667,none
Atp6v1a,52,58,0.472727272727273,none,58,57,0.504347826086956,none
Aurkb,64,66,0.492307692307692,none,66,51,0.564102564102564,none
Avpi1,83,63,0.568493150684932,none,71,58,0.550387596899225,none
Bag4,53,29,0.646341463414634,none,42,10,0.807692307692308,paternal
Bak1,35,45,0.4375,none,26,43,0.376811594202899,none
Bap1,28,32,0.466666666666667,none,24,26,0.48,none
Bard1,31,36,0.462686567164179,none,19,31,0.38,none
Baz2a,27,33,0.45,none,37,48,0.435294117647059,none
Bcam,48,54,0.470588235294118,none,53,56,0.486238532110092,none
Bcar1,31,20,0.607843137254902,none,33,11,0.75,none
Bcat2,40,79,0.336134453781513,none,33,85,0.279661016949153,none
Bccip,104,123,0.458149779735683,none,72,90,0.444444444444444,none
Bcl10,29,24,0.547169811320755,none,33,27,0.55,none
Bcl2l13,21,34,0.381818181818182,none,22,26,0.458333333333333,none
Bid,63,73,0.463235294117647,none,40,35,0.533333333333333,none
Birc5,138,129,0.51685393258427,none,149,110,0.575289575289575,none
Blm,62,42,0.596153846153846,none,39,34,0.534246575342466,none
Blvrb,109,68,0.615819209039548,none,71,85,0.455128205128205,none
Bms1,10,31,0.24390243902439,none,20,23,0.465116279069767,none
Bod1,37,40,0.480519480519481,none,28,29,0.491228070175439,none
Brca1,98,40,0.710144927536232,none,78,43,0.644628099173554,none
Brd2,34,35,0.492753623188406,none,38,22,0.633333333333333,none
Brpf3,30,24,0.555555555555556,none,34,18,0.653846153846154,none
Bub1,60,83,0.41958041958042,none,49,76,0.392,none
Bub1b,71,60,0.541984732824427,none,66,74,0.471428571428571,none
Bysl,56,48,0.538461538461538,none,53,51,0.509615384615385,none
Bzw2,105,118,0.47085201793722,none,76,89,0.460606060606061,none
Cad,110,112,0.495495495495495,none,83,80,0.50920245398773,none
Cap1,38,9,0.808510638297872,paternal,47,17,0.734375,none
Capn1,25,28,0.471698113207547,none,36,28,0.5625,none
Capns1,173,249,0.409952606635071,none,182,241,0.430260047281324,none
Cars,23,23,0.5,none,46,42,0.522727272727273,none
Cars2,48,15,0.761904761904762,none,41,11,0.788461538461538,none
Casp3,116,49,0.703030303030303,none,53,18,0.746478873239437,none
Castor1,38,46,0.452380952380952,none,30,21,0.588235294117647,none
Cat,77,96,0.445086705202312,none,112,148,0.430769230769231,none
Cbfa2t2,40,30,0.571428571428571,none,39,33,0.541666666666667,none
Cbr1,42,18,0.7,none,43,12,0.781818181818182,none
Cbx7,74,62,0.544117647058823,none,48,33,0.592592592592593,none
Ccar1,49,27,0.644736842105263,none,25,27,0.480769230769231,none
Ccdc124,153,61,0.714953271028037,none,126,67,0.652849740932642,none
Ccdc127,21,36,0.368421052631579,none,17,34,0.333333333333333,none
Ccdc59,43,36,0.544303797468354,none,45,24,0.652173913043478,none
Ccnh,73,91,0.445121951219512,none,53,62,0.460869565217391,none
Cct6a,555,620,0.472340425531915,none,486,475,0.505723204994797,none
Ccz1,57,40,0.587628865979381,none,51,41,0.554347826086957,none
Cd2ap,32,27,0.542372881355932,none,18,24,0.428571428571429,none
Cdc123,89,68,0.56687898089172,none,59,39,0.602040816326531,none
Cdc16,128,57,0.691891891891892,none,101,36,0.737226277372263,none
Cdc25a,39,44,0.469879518072289,none,36,33,0.521739130434783,none
Cdc27,28,24,0.538461538461538,none,22,21,0.511627906976744,none
Cdc5l,76,99,0.434285714285714,none,75,98,0.433526011560694,none
Cdc6,40,35,0.533333333333333,none,42,42,0.5,none
Cdca2,33,36,0.478260869565217,none,43,33,0.565789473684211,none
Cdca4,77,55,0.583333333333333,none,45,49,0.478723404255319,none
Cdca8,110,113,0.493273542600897,none,91,99,0.478947368421053,none
Cdh1,226,115,0.662756598240469,none,181,94,0.658181818181818,none
Cdk1,159,201,0.441666666666667,none,134,169,0.442244224422442,none
Cdk11b,22,23,0.488888888888889,none,20,23,0.465116279069767,none
Cdk5rap2,27,22,0.551020408163265,none,21,20,0.51219512195122,none
Cdk5rap3,58,43,0.574257425742574,none,28,45,0.383561643835616,none
Cdk7,85,89,0.488505747126437,none,62,51,0.548672566371681,none
Cdkn1a,75,48,0.609756097560976,none,97,85,0.532967032967033,none
Cds2,40,41,0.493827160493827,none,43,42,0.505882352941176,none
Cdt1,295,161,0.646929824561403,none,261,110,0.703504043126685,none
Cdyl,33,33,0.5,none,16,25,0.390243902439024,none
Cebpz,101,79,0.561111111111111,none,63,69,0.477272727272727,none
Cenpa,180,217,0.453400503778338,none,130,179,0.420711974110032,none
Cenpe,40,31,0.563380281690141,none,17,27,0.386363636363636,none
Cenpf,45,62,0.420560747663551,none,33,25,0.568965517241379,none
Cenph,29,61,0.322222222222222,none,21,43,0.328125,none
Cenpm,51,74,0.408,none,71,78,0.476510067114094,none
Cenpn,49,25,0.662162162162162,none,34,28,0.548387096774194,none
Cenpu,52,19,0.732394366197183,none,39,23,0.629032258064516,none
Cep120,20,23,0.465116279069767,none,12,32,0.272727272727273,none
Cep192,19,54,0.26027397260274,none,17,24,0.414634146341463,none
Cep55,47,30,0.61038961038961,none,48,23,0.676056338028169,none
Cfdp1,204,119,0.631578947368421,none,124,108,0.53448275862069,none
Cggbp1,52,69,0.429752066115702,none,41,52,0.440860215053763,none
Chaf1b,87,96,0.475409836065574,none,65,77,0.457746478873239,none
Champ1,49,25,0.662162162162162,none,38,20,0.655172413793103,none
Chchd4,78,114,0.40625,none,57,90,0.387755102040816,none
Chd1,26,34,0.433333333333333,none,31,28,0.525423728813559,none
Chd4,59,84,0.412587412587413,none,33,50,0.397590361445783,none
Chfr,24,24,0.5,none,38,23,0.622950819672131,none
Chtf18,23,23,0.5,none,28,39,0.417910447761194,none
Ciao2b,74,57,0.564885496183206,none,68,63,0.519083969465649,none
Ckap2,95,37,0.71969696969697,none,54,30,0.642857142857143,none
Ckap2l,35,43,0.448717948717949,none,33,18,0.647058823529412,none
Ckap4,18,53,0.253521126760563,none,22,49,0.309859154929577,none
Ckap5,30,20,0.6,none,29,29,0.5,none
Clcn3,30,12,0.714285714285714,none,29,17,0.630434782608696,none
Clint1,41,52,0.440860215053763,none,25,32,0.43859649122807,none
Cln8,30,12,0.714285714285714,none,28,22,0.56,none
Clpb,38,31,0.550724637681159,none,30,35,0.461538461538462,none
Clpp,74,92,0.44578313253012,none,64,76,0.457142857142857,none
Clptm1l,32,24,0.571428571428571,none,35,20,0.636363636363636,none
Cltc,105,163,0.391791044776119,none,117,131,0.471774193548387,none
Cmas,35,57,0.380434782608696,none,18,23,0.439024390243902,none
Cmc2,80,40,0.666666666666667,none,56,26,0.682926829268293,none
Cmss1,15,28,0.348837209302326,none,18,27,0.4,none
Cmtm7,45,22,0.671641791044776,none,114,56,0.670588235294118,none
Cnot1,59,22,0.728395061728395,none,147,53,0.735,none
Cnot10,49,67,0.422413793103448,none,59,48,0.551401869158878,none
Cnot11,33,39,0.458333333333333,none,33,35,0.485294117647059,none
Cnot7,51,37,0.579545454545455,none,65,33,0.663265306122449,none
Cnot9,85,73,0.537974683544304,none,69,78,0.469387755102041,none
Cnpy2,120,117,0.506329113924051,none,82,98,0.455555555555556,none
Cobl,25,58,0.301204819277108,none,47,52,0.474747474747475,none
Cog2,31,28,0.525423728813559,none,43,12,0.781818181818182,none
Cog4,26,15,0.634146341463415,none,45,23,0.661764705882353,none
Commd10,49,55,0.471153846153846,none,52,56,0.481481481481481,none
Commd4,55,15,0.785714285714286,none,42,35,0.545454545454545,none
Commd8,70,57,0.551181102362205,none,43,44,0.494252873563218,none
Copa,71,49,0.591666666666667,none,53,40,0.56989247311828,none
Copb1,49,44,0.526881720430108,none,43,57,0.43,none
Copg1,55,90,0.379310344827586,none,62,55,0.52991452991453,none
Cops8,51,74,0.408,none,53,53,0.5,none
Coq3,35,28,0.555555555555556,none,34,37,0.47887323943662,none
Coro1b,55,62,0.47008547008547,none,60,40,0.6,none
Cox15,16,29,0.355555555555556,none,17,37,0.314814814814815,none
Creld1,21,30,0.411764705882353,none,42,26,0.617647058823529,none
Crlf2,32,56,0.363636363636364,none,23,44,0.343283582089552,none
Crlf3,53,51,0.509615384615385,none,52,50,0.509803921568627,none
Crls1,48,32,0.6,none,44,32,0.578947368421053,none
Crot,23,29,0.442307692307692,none,22,27,0.448979591836735,none
Crtap,45,36,0.555555555555556,none,64,55,0.53781512605042,none
Cryzl1,49,33,0.597560975609756,none,35,39,0.472972972972973,none
Cse1l,137,136,0.501831501831502,none,103,97,0.515,none
Cstb,141,216,0.394957983193277,none,122,261,0.318537859007833,none
Cstf1,32,39,0.450704225352113,none,31,23,0.574074074074074,none
Ctc1,35,34,0.507246376811594,none,29,30,0.491525423728814,none
Cth,39,49,0.443181818181818,none,60,85,0.413793103448276,none
Ctnna1,179,174,0.507082152974504,none,125,129,0.492125984251969,none
Ctnnal1,41,43,0.488095238095238,none,52,21,0.712328767123288,none
Ctsa,34,31,0.523076923076923,none,46,61,0.429906542056075,none
Ctsb,175,80,0.686274509803922,none,223,86,0.72168284789644,none
Ctu2,30,24,0.555555555555556,none,31,22,0.584905660377358,none
Cul1,51,69,0.425,none,55,47,0.53921568627451,none
Cwc15,72,81,0.470588235294118,none,49,96,0.337931034482759,none
Cyb5r4,47,57,0.451923076923077,none,41,53,0.436170212765957,none
Cyba,62,27,0.696629213483146,none,52,21,0.712328767123288,none
Cyfip1,19,30,0.387755102040816,none,40,29,0.579710144927536,none
Cyp51,92,90,0.505494505494505,none,83,65,0.560810810810811,none
D10Wsu102e,15,36,0.294117647058824,none,16,26,0.380952380952381,none
Dbf4,95,102,0.482233502538071,none,78,80,0.493670886075949,none
Dbnl,26,28,0.481481481481481,none,20,26,0.434782608695652,none
Dcaf15,43,32,0.573333333333333,none,33,19,0.634615384615385,none
Dcaf4,26,36,0.419354838709677,none,15,28,0.348837209302326,none
Dcaf8,58,28,0.674418604651163,none,31,36,0.462686567164179,none
Dck,26,33,0.440677966101695,none,16,36,0.307692307692308,none
Dcps,24,38,0.387096774193548,none,23,36,0.389830508474576,none
Dctd,77,39,0.663793103448276,none,72,33,0.685714285714286,none
Dctn5,30,35,0.461538461538462,none,20,26,0.434782608695652,none
Dctn6,53,30,0.63855421686747,none,39,11,0.78,none
Dctpp1,170,227,0.428211586901763,none,128,159,0.445993031358885,none
Ddb1,57,59,0.491379310344828,none,110,114,0.491071428571429,none
Ddt,52,73,0.416,none,42,72,0.368421052631579,none
Ddx1,179,123,0.592715231788079,none,112,80,0.583333333333333,none
Ddx10,52,28,0.65,none,45,29,0.608108108108108,none
Ddx18,114,136,0.456,none,88,113,0.437810945273632,none
Ddx20,52,48,0.52,none,35,38,0.479452054794521,none
Ddx24,55,57,0.491071428571429,none,40,53,0.43010752688172,none
Ddx27,40,40,0.5,none,40,45,0.470588235294118,none
Ddx41,31,48,0.392405063291139,none,40,40,0.5,none
Ddx46,40,65,0.380952380952381,none,24,40,0.375,none
Ddx47,64,75,0.460431654676259,none,58,51,0.532110091743119,none
Ddx52,42,31,0.575342465753425,none,28,26,0.518518518518518,none
Ddx56,59,37,0.614583333333333,none,48,55,0.466019417475728,none
Def8,53,69,0.434426229508197,none,33,36,0.478260869565217,none
Dele1,45,27,0.625,none,29,35,0.453125,none
Dennd2c,22,24,0.478260869565217,none,22,21,0.511627906976744,none
Dhcr24,78,68,0.534246575342466,none,55,59,0.482456140350877,none
Dhcr7,61,65,0.484126984126984,none,46,68,0.403508771929825,none
Dhodh,84,50,0.626865671641791,none,73,35,0.675925925925926,none
Dhps,90,32,0.737704918032787,none,64,25,0.719101123595506,none
Dhrs7b,15,31,0.326086956521739,none,21,22,0.488372093023256,none
Dhx29,21,27,0.4375,none,20,24,0.454545454545455,none
Dhx8,38,43,0.469135802469136,none,26,22,0.541666666666667,none
Dis3,63,54,0.538461538461538,none,41,32,0.561643835616438,none
Dlat,94,92,0.505376344086022,none,57,69,0.452380952380952,none
Dld,93,88,0.513812154696133,none,50,66,0.431034482758621,none
Dlg5,24,23,0.51063829787234,none,23,31,0.425925925925926,none
Dlgap5,62,54,0.53448275862069,none,49,49,0.5,none
Dmac2,36,33,0.521739130434783,none,34,25,0.576271186440678,none
Dmtn,38,38,0.5,none,24,20,0.545454545454545,none
Dna2,53,40,0.56989247311828,none,44,24,0.647058823529412,none
Dnaaf5,25,18,0.581395348837209,none,35,16,0.686274509803922,none
Dnajc21,57,67,0.459677419354839,none,67,68,0.496296296296296,none
Dnm1l,40,46,0.465116279069767,none,48,43,0.527472527472527,none
Dnmt1,55,43,0.561224489795918,none,58,58,0.5,none
Dnmt3b,49,57,0.462264150943396,none,18,26,0.409090909090909,none
Dnpep,36,38,0.486486486486487,none,46,56,0.450980392156863,none
Dnph1,48,41,0.539325842696629,none,53,30,0.63855421686747,none
Dnttip2,65,64,0.503875968992248,none,42,40,0.51219512195122,none
Dohh,32,41,0.438356164383562,none,26,36,0.419354838709677,none
Dpf2,31,22,0.584905660377358,none,37,45,0.451219512195122,none
Dph5,28,21,0.571428571428571,none,42,16,0.724137931034483,none
Dpp3,49,76,0.392,none,45,68,0.398230088495575,none
Dppa3,156,37,0.808290155440414,paternal,74,6,0.925,paternal
Dpy19l1,30,35,0.461538461538462,none,24,21,0.533333333333333,none
Drap1,63,53,0.543103448275862,none,41,63,0.394230769230769,none
Drg1,130,109,0.543933054393305,none,142,134,0.514492753623188,none
Drg2,44,47,0.483516483516484,none,48,43,0.527472527472527,none
Drosha,62,54,0.53448275862069,none,38,46,0.452380952380952,none
Dse,25,33,0.431034482758621,none,25,38,0.396825396825397,none
Dstn,220,198,0.526315789473684,none,200,115,0.634920634920635,none
Dtl,54,52,0.509433962264151,none,36,41,0.467532467532468,none
Dtymk,94,117,0.445497630331754,none,84,79,0.515337423312883,none
Dus3l,33,17,0.66,none,26,17,0.604651162790698,none
Dusp11,30,27,0.526315789473684,none,23,26,0.469387755102041,none
Dusp12,43,43,0.5,none,38,24,0.612903225806452,none
Dvl2,26,25,0.509803921568627,none,17,31,0.354166666666667,none
Dync1h1,45,51,0.46875,none,33,32,0.507692307692308,none
Dync1li1,29,40,0.420289855072464,none,40,59,0.404040404040404,none
Dyrk3,49,32,0.604938271604938,none,39,26,0.6,none
Ebna1bp2,143,117,0.55,none,59,51,0.536363636363636,none
Ecd,40,44,0.476190476190476,none,38,35,0.520547945205479,none
Ech1,54,68,0.442622950819672,none,82,93,0.468571428571429,none
Echdc2,72,73,0.496551724137931,none,80,71,0.529801324503311,none
Echs1,131,90,0.592760180995475,none,100,65,0.606060606060606,none
Eef1akmt1,41,47,0.465909090909091,none,25,26,0.490196078431373,none
Efr3a,17,35,0.326923076923077,none,11,31,0.261904761904762,none
Ehd1,51,62,0.451327433628319,none,49,42,0.538461538461538,none
Ehmt2,50,36,0.581395348837209,none,45,45,0.5,none
Eif2b1,45,50,0.473684210526316,none,45,52,0.463917525773196,none
Eif2b4,26,30,0.464285714285714,none,42,42,0.5,none
Eif2d,57,68,0.456,none,46,73,0.38655462184874,none
Eif3b,120,154,0.437956204379562,none,145,161,0.473856209150327,none
Eif3c,193,191,0.502604166666667,none,207,192,0.518796992481203,none
Eif3f,339,350,0.492017416545718,none,303,273,0.526041666666667,none
Eif3g,243,269,0.474609375,none,217,213,0.504651162790698,none
Eif3l,194,308,0.386454183266932,none,191,295,0.393004115226337,none
Eif4a3,158,144,0.52317880794702,none,159,132,0.54639175257732,none
Eif4g1,47,40,0.540229885057471,none,35,44,0.443037974683544,none
Elac2,23,32,0.418181818181818,none,25,26,0.490196078431373,none
Elp1,63,53,0.543103448275862,none,35,41,0.460526315789474,none
Elp2,64,67,0.488549618320611,none,46,51,0.474226804123711,none
Elp3,20,26,0.434782608695652,none,46,37,0.55421686746988,none
Emb,145,117,0.553435114503817,none,63,27,0.7,none
Eml4,46,41,0.528735632183908,none,23,27,0.46,none
Epb41l2,21,31,0.403846153846154,none,26,31,0.456140350877193,none
Epcam,146,223,0.395663956639566,none,15,59,0.202702702702703,none
Ephx2,5,67,0.0694444444444444,maternal,3,43,0.0652173913043478,maternal
Epop,287,151,0.655251141552511,none,231,147,0.611111111111111,none
Eprs,104,111,0.483720930232558,none,111,104,0.516279069767442,none
Ercc3,38,35,0.520547945205479,none,32,22,0.592592592592593,none
Ergic1,42,52,0.446808510638298,none,27,38,0.415384615384615,none
Ero1l,22,28,0.44,none,40,46,0.465116279069767,none
Erp29,62,48,0.563636363636364,none,79,52,0.603053435114504,none
Esco2,81,84,0.490909090909091,none,52,53,0.495238095238095,none
Esd,176,152,0.536585365853659,none,141,131,0.518382352941177,none
Esf1,39,37,0.513157894736842,none,27,33,0.45,none
Esrrb,82,85,0.491017964071856,none,80,98,0.449438202247191,none
Etaa1,29,41,0.414285714285714,none,22,33,0.4,none
Etv5,85,72,0.54140127388535,none,64,53,0.547008547008547,none
Exo1,78,39,0.666666666666667,none,45,44,0.50561797752809,none
Exoc3,23,34,0.403508771929825,none,23,20,0.534883720930233,none
Exosc10,50,42,0.543478260869565,none,52,36,0.590909090909091,none
Exosc5,84,81,0.509090909090909,none,64,65,0.496124031007752,none
Exosc7,93,86,0.519553072625698,none,48,59,0.448598130841121,none
Exosc8,102,82,0.554347826086957,none,111,90,0.552238805970149,none
Exosc9,36,50,0.418604651162791,none,31,39,0.442857142857143,none
Ezh2,80,127,0.386473429951691,none,95,113,0.456730769230769,none
Ezr,176,138,0.560509554140127,none,168,133,0.558139534883721,none
F2rl1,34,49,0.409638554216867,none,24,37,0.39344262295082,none
Faf1,151,100,0.601593625498008,none,104,98,0.514851485148515,none
Faf2,30,29,0.508474576271186,none,22,32,0.407407407407407,none
Fam114a2,30,48,0.384615384615385,none,24,43,0.358208955223881,none
Fam169a,42,72,0.368421052631579,none,22,37,0.372881355932203,none
Fam216a,22,21,0.511627906976744,none,22,23,0.488888888888889,none
Fam3c,56,42,0.571428571428571,none,28,30,0.482758620689655,none
Fam91a1,47,46,0.505376344086022,none,30,20,0.6,none
Fam92a,48,42,0.533333333333333,none,42,43,0.494117647058824,none
Fanci,41,27,0.602941176470588,none,30,31,0.491803278688525,none
Fancl,47,43,0.522222222222222,none,17,35,0.326923076923077,none
Farsa,108,36,0.75,none,127,34,0.788819875776398,none
Farsb,101,116,0.465437788018433,none,101,92,0.523316062176166,none
Fasn,41,40,0.506172839506173,none,25,19,0.568181818181818,none
Fastkd2,52,35,0.597701149425287,none,20,27,0.425531914893617,none
Fblim1,53,94,0.360544217687075,none,44,94,0.318840579710145,none
Fbxo21,32,47,0.40506329113924,none,33,25,0.568965517241379,none
Fbxo42,19,29,0.395833333333333,none,18,30,0.375,none
Fdx1,32,22,0.592592592592593,none,23,22,0.511111111111111,none
Fermt2,25,32,0.43859649122807,none,37,22,0.627118644067797,none
Fgfr1op2,45,37,0.548780487804878,none,18,33,0.352941176470588,none
Fh1,130,120,0.52,none,82,98,0.455555555555556,none
Fig4,34,22,0.607142857142857,none,58,47,0.552380952380952,none
Fiz1,56,52,0.518518518518518,none,47,71,0.398305084745763,none
Fkbp9,73,99,0.424418604651163,none,53,57,0.481818181818182,none
Flna,0,94,0,maternal,0,78,0,maternal
Flnb,47,32,0.594936708860759,none,68,59,0.535433070866142,none
Flot2,32,33,0.492307692307692,none,28,26,0.518518518518518,none
Fn1,208,209,0.498800959232614,none,170,175,0.492753623188406,none
Fnta,148,103,0.589641434262948,none,112,79,0.586387434554974,none
Folr1,64,39,0.621359223300971,none,84,48,0.636363636363636,none
Fto,42,25,0.626865671641791,none,43,15,0.741379310344828,none
Ftsj1,0,42,0,maternal,0,56,0,maternal
Ftsj3,60,99,0.377358490566038,none,57,65,0.467213114754098,none
Fubp1,185,206,0.473145780051151,none,147,171,0.462264150943396,none
Fxn,28,17,0.622222222222222,none,25,18,0.581395348837209,none
Gab1,136,85,0.615384615384615,none,97,62,0.610062893081761,none
Gabpa,38,56,0.404255319148936,none,35,52,0.402298850574713,none
Galk1,107,116,0.479820627802691,none,92,99,0.481675392670157,none
Gars,264,325,0.448217317487267,none,258,301,0.461538461538462,none
Gart,112,165,0.404332129963899,none,134,165,0.448160535117057,none
Gatd3a,36,23,0.610169491525424,none,22,22,0.5,none
Gcdh,52,25,0.675324675324675,none,43,22,0.661538461538462,none
Gclc,38,44,0.463414634146341,none,23,20,0.534883720930233,none
Gcsh,333,125,0.72707423580786,none,273,109,0.714659685863874,none
Gdf3,69,78,0.469387755102041,none,90,94,0.489130434782609,none
Gfm1,45,34,0.569620253164557,none,34,47,0.419753086419753,none
Gga1,39,34,0.534246575342466,none,21,22,0.488372093023256,none
Gins1,46,45,0.505494505494505,none,45,39,0.535714285714286,none
Gins4,125,68,0.647668393782383,none,125,60,0.675675675675676,none
Gjb3,122,117,0.510460251046025,none,135,143,0.485611510791367,none
Glb1,27,47,0.364864864864865,none,29,51,0.3625,none
Glyr1,49,54,0.475728155339806,none,26,46,0.361111111111111,none
Gmfb,45,64,0.412844036697248,none,36,33,0.521739130434783,none
Gnb2,54,85,0.388489208633094,none,50,87,0.364963503649635,none
Gnpat,170,57,0.748898678414097,none,111,41,0.730263157894737,none
Golm1,31,30,0.508196721311475,none,23,23,0.5,none
Got1,89,105,0.458762886597938,none,81,98,0.452513966480447,none
Gpbp1l1,23,32,0.418181818181818,none,26,18,0.590909090909091,none
Gpd2,29,54,0.349397590361446,none,32,34,0.484848484848485,none
Gpn1,54,54,0.5,none,58,48,0.547169811320755,none
Gpn2,26,24,0.52,none,28,31,0.474576271186441,none
Gpn3,58,49,0.542056074766355,none,52,44,0.541666666666667,none
Gpt2,54,32,0.627906976744186,none,60,52,0.535714285714286,none
Grn,37,31,0.544117647058823,none,40,37,0.519480519480519,none
Gsr,369,165,0.691011235955056,none,303,125,0.707943925233645,none
Gsta4,305,463,0.397135416666667,none,315,421,0.427989130434783,none
Gsto1,61,31,0.66304347826087,none,55,55,0.5,none
Gtf2h1,82,44,0.650793650793651,none,77,56,0.578947368421053,none
Gtf2h2,37,34,0.52112676056338,none,27,23,0.54,none
Gtf2h3,59,59,0.5,none,28,36,0.4375,none
Gtf2i,74,78,0.486842105263158,none,26,46,0.361111111111111,none
Gtf3a,57,78,0.422222222222222,none,37,70,0.345794392523364,none
Gtf3c3,28,36,0.4375,none,25,25,0.5,none
Gtf3c6,22,28,0.44,none,33,39,0.458333333333333,none
Gtpbp6,24,41,0.369230769230769,none,33,33,0.5,none
H2az2,137,135,0.503676470588235,none,116,120,0.491525423728814,none
Hadh,47,67,0.412280701754386,none,55,54,0.504587155963303,none
Hadha,38,44,0.463414634146341,none,49,47,0.510416666666667,none
Haus1,71,59,0.546153846153846,none,54,57,0.486486486486487,none
Haus3,30,26,0.535714285714286,none,20,28,0.416666666666667,none
Haus4,68,64,0.515151515151515,none,83,80,0.50920245398773,none
Haus6,25,36,0.409836065573771,none,22,24,0.478260869565217,none
Haus8,67,21,0.761363636363636,none,100,30,0.769230769230769,none
Hccs,0,47,0,maternal,0,43,0,maternal
Hcfc1,0,87,0,maternal,0,86,0,maternal
Hdac2,53,85,0.384057971014493,none,56,67,0.455284552845528,none
Hddc2,20,43,0.317460317460317,none,35,34,0.507246376811594,none
Hdlbp,32,38,0.457142857142857,none,49,49,0.5,none
Heatr1,71,60,0.541984732824427,none,54,49,0.524271844660194,none
Heatr3,40,22,0.645161290322581,none,58,44,0.568627450980392,none
Helb,21,27,0.4375,none,17,28,0.377777777777778,none
Hexa,45,44,0.50561797752809,none,49,33,0.597560975609756,none
Hexb,94,86,0.522222222222222,none,110,62,0.63953488372093,none
Hibadh,68,85,0.444444444444444,none,52,36,0.590909090909091,none
Higd2a,88,89,0.497175141242938,none,83,77,0.51875,none
Hk2,60,72,0.454545454545455,none,74,84,0.468354430379747,none
Hmbs,62,44,0.584905660377358,none,61,59,0.508333333333333,none
Hmces,158,90,0.637096774193548,none,91,27,0.771186440677966,none
Hmgcr,67,57,0.540322580645161,none,63,64,0.496062992125984,none
Hmgcs1,40,57,0.412371134020619,none,29,66,0.305263157894737,none
Hmgxb4,57,32,0.640449438202247,none,46,12,0.793103448275862,none
Hmmr,68,55,0.552845528455285,none,50,36,0.581395348837209,none
Hmox1,42,20,0.67741935483871,none,32,11,0.744186046511628,none
Hnrnpll,26,33,0.440677966101695,none,37,28,0.569230769230769,none
Hpf1,161,55,0.74537037037037,none,124,38,0.765432098765432,none
Hrob,19,37,0.339285714285714,none,34,34,0.5,none
Hs6st1,44,44,0.5,none,45,41,0.523255813953488,none
Hsd17b14,118,82,0.59,none,107,60,0.640718562874252,none
Hsd17b4,29,37,0.439393939393939,none,24,22,0.521739130434783,none
Hsf2bp,72,66,0.521739130434783,none,83,68,0.549668874172185,none
Hspa14,99,110,0.473684210526316,none,94,84,0.528089887640449,none
Hspbp1,62,61,0.504065040650406,none,58,49,0.542056074766355,none
Hsph1,201,125,0.616564417177914,none,127,75,0.628712871287129,none
Hus1,32,22,0.592592592592593,none,27,16,0.627906976744186,none
Hyou1,28,18,0.608695652173913,none,39,16,0.709090909090909,none
Iars,90,106,0.459183673469388,none,100,89,0.529100529100529,none
Iars2,55,52,0.514018691588785,none,33,27,0.55,none
Idh2,130,86,0.601851851851852,none,121,94,0.562790697674419,none
Idh3a,109,104,0.511737089201878,none,114,86,0.57,none
Idh3b,102,110,0.481132075471698,none,58,95,0.379084967320261,none
Ifrd2,66,54,0.55,none,51,30,0.62962962962963,none
Ift46,19,58,0.246753246753247,none,21,32,0.39622641509434,none
Ift52,36,33,0.521739130434783,none,50,27,0.649350649350649,none
Igf2bp2,44,46,0.488888888888889,none,53,51,0.509615384615385,none
Igsf8,54,21,0.72,none,45,18,0.714285714285714,none
Ik,39,39,0.5,none,25,35,0.416666666666667,none
Immt,77,109,0.413978494623656,none,69,95,0.420731707317073,none
Imp4,54,82,0.397058823529412,none,71,81,0.467105263157895,none
Impa2,73,110,0.398907103825137,none,84,89,0.485549132947977,none
Impact,83,70,0.542483660130719,none,59,35,0.627659574468085,none
Impdh1,16,28,0.363636363636364,none,18,24,0.428571428571429,none
Incenp,30,38,0.441176470588235,none,34,44,0.435897435897436,none
Inpp5d,67,33,0.67,none,60,35,0.631578947368421,none
Ints1,37,24,0.60655737704918,none,35,20,0.636363636363636,none
Ints10,77,49,0.611111111111111,none,77,48,0.616,none
Ints11,76,62,0.550724637681159,none,51,46,0.525773195876289,none
Ints3,62,70,0.46969696969697,none,34,45,0.430379746835443,none
Ints4,65,53,0.550847457627119,none,57,43,0.57,none
Ints7,49,54,0.475728155339806,none,25,37,0.403225806451613,none
Ints8,36,47,0.433734939759036,none,37,35,0.513888888888889,none
Ints9,21,34,0.381818181818182,none,16,26,0.380952380952381,none
Ipo11,34,48,0.414634146341463,none,43,37,0.5375,none
Ipo4,34,19,0.641509433962264,none,35,20,0.636363636363636,none
Ipo8,21,28,0.428571428571429,none,19,26,0.422222222222222,none
Ipo9,59,52,0.531531531531532,none,50,51,0.495049504950495,none
Iqgap1,43,61,0.413461538461538,none,64,54,0.542372881355932,none
Ireb2,62,58,0.516666666666667,none,33,39,0.458333333333333,none
Isg20l2,33,45,0.423076923076923,none,28,42,0.4,none
Isoc1,39,48,0.448275862068966,none,40,35,0.533333333333333,none
Itfg1,40,22,0.645161290322581,none,34,12,0.739130434782609,none
Itgb1,74,33,0.691588785046729,none,61,28,0.685393258426966,none
Itpk1,71,43,0.62280701754386,none,35,32,0.522388059701492,none
Jade3,0,64,0,maternal,0,42,0,maternal
Jarid2,90,90,0.5,none,81,86,0.48502994011976,none
Jmjd6,35,25,0.583333333333333,none,29,39,0.426470588235294,none
Jtb,38,39,0.493506493506494,none,29,24,0.547169811320755,none
Jup,8,38,0.173913043478261,maternal,9,34,0.209302325581395,none
Kat2a,55,74,0.426356589147287,none,57,53,0.518181818181818,none
Katna1,46,51,0.474226804123711,none,36,36,0.5,none
Kdm3b,33,21,0.611111111111111,none,28,35,0.444444444444444,none
Kdm4c,50,48,0.510204081632653,none,28,25,0.528301886792453,none
Kif11,87,77,0.530487804878049,none,57,48,0.542857142857143,none
Kif18a,38,37,0.506666666666667,none,17,24,0.414634146341463,none
Kif20a,81,76,0.515923566878981,none,77,71,0.52027027027027,none
Kif20b,50,30,0.625,none,29,33,0.467741935483871,none
Kif23,57,45,0.558823529411765,none,66,54,0.55,none
Kif2c,65,72,0.474452554744526,none,57,52,0.522935779816514,none
Kif5b,50,43,0.537634408602151,none,47,40,0.540229885057471,none
Klf4,43,53,0.447916666666667,none,44,57,0.435643564356436,none
Klhdc2,55,45,0.55,none,28,21,0.571428571428571,none
Klhdc3,30,16,0.652173913043478,none,24,18,0.571428571428571,none
Klhdc4,47,46,0.505376344086022,none,46,33,0.582278481012658,none
Knop1,68,48,0.586206896551724,none,60,29,0.674157303370786,none
Krr1,57,54,0.513513513513513,none,53,34,0.609195402298851,none
Ktn1,36,26,0.580645161290323,none,29,23,0.557692307692308,none
L1td1,159,137,0.537162162162162,none,107,79,0.575268817204301,none
L3mbtl2,45,62,0.420560747663551,none,53,51,0.509615384615385,none
Lactb2,102,131,0.437768240343348,none,81,109,0.426315789473684,none
Lamc1,43,57,0.43,none,58,72,0.446153846153846,none
Larp4,24,28,0.461538461538462,none,26,16,0.619047619047619,none
Larp7,68,90,0.430379746835443,none,83,59,0.584507042253521,none
Lars,90,70,0.5625,none,69,63,0.522727272727273,none
Lbr,122,124,0.495934959349593,none,100,98,0.505050505050505,none
Lcmt1,38,54,0.41304347826087,none,16,33,0.326530612244898,none
Ldlr,45,57,0.441176470588235,none,45,42,0.517241379310345,none
Lefty1,54,76,0.415384615384615,none,14,50,0.21875,none
Lefty2,210,156,0.573770491803279,none,86,61,0.585034013605442,none
Lgmn,21,45,0.318181818181818,none,24,29,0.452830188679245,none
Lias,39,32,0.549295774647887,none,37,39,0.486842105263158,none
Lima1,60,49,0.55045871559633,none,45,46,0.494505494505495,none
Liph,50,27,0.649350649350649,none,29,17,0.630434782608696,none
Llgl1,24,18,0.571428571428571,none,17,27,0.386363636363636,none
Llgl2,52,39,0.571428571428571,none,45,26,0.633802816901408,none
Lmnb2,31,33,0.484375,none,17,29,0.369565217391304,none
Lonp1,63,51,0.552631578947368,none,51,59,0.463636363636364,none
Lonp2,31,16,0.659574468085106,none,32,23,0.581818181818182,none
Lrpap1,48,61,0.440366972477064,none,49,84,0.368421052631579,none
Lrpprc,69,70,0.496402877697842,none,60,74,0.447761194029851,none
Lrrc40,49,52,0.485148514851485,none,42,37,0.531645569620253,none
Lrrc42,36,37,0.493150684931507,none,35,23,0.603448275862069,none
Lrwd1,33,54,0.379310344827586,none,14,44,0.241379310344828,none
Lsg1,28,25,0.528301886792453,none,29,30,0.491525423728814,none
Lss,33,38,0.464788732394366,none,35,31,0.53030303030303,none
Lta4h,35,29,0.546875,none,39,24,0.619047619047619,none
Ltbp4,34,25,0.576271186440678,none,29,13,0.69047619047619,none
Ltn1,30,26,0.535714285714286,none,18,26,0.409090909090909,none
Ltv1,65,68,0.488721804511278,none,53,50,0.514563106796116,none
Ly6e,29,34,0.46031746031746,none,36,48,0.428571428571429,none
Maged1,0,86,0,maternal,0,79,0,maternal
Manba,53,190,0.218106995884774,none,22,99,0.181818181818182,maternal
Map1s,65,43,0.601851851851852,none,52,35,0.597701149425287,none
Map4,55,46,0.544554455445545,none,57,63,0.475,none
Mapk14,44,36,0.55,none,29,33,0.467741935483871,none
Mapk3,70,57,0.551181102362205,none,27,36,0.428571428571429,none
Mars1,34,47,0.419753086419753,none,48,83,0.366412213740458,none
Mat2b,64,82,0.438356164383562,none,43,46,0.48314606741573,none
Mbtps1,85,47,0.643939393939394,none,96,32,0.75,none
Mcf2,0,41,0,maternal,0,45,0,maternal
Mcm10,72,83,0.464516129032258,none,89,61,0.593333333333333,none
Mcm2,248,296,0.455882352941176,none,202,241,0.455981941309255,none
Mcm3,244,223,0.522483940042827,none,227,238,0.488172043010753,none
Mcm3ap,18,44,0.290322580645161,none,8,43,0.156862745098039,maternal
Mcm5,276,133,0.67481662591687,none,403,201,0.667218543046358,none
Mcm8,50,33,0.602409638554217,none,31,14,0.688888888888889,none
Mcmbp,41,46,0.471264367816092,none,61,65,0.484126984126984,none
Mcph1,39,30,0.565217391304348,none,31,14,0.688888888888889,none
Me2,76,46,0.622950819672131,none,85,52,0.62043795620438,none
Med24,23,22,0.511111111111111,none,29,36,0.446153846153846,none
Med4,40,42,0.48780487804878,none,24,41,0.369230769230769,none
Melk,57,58,0.495652173913044,none,40,52,0.434782608695652,none
Mettl16,44,37,0.54320987654321,none,23,29,0.442307692307692,none
Mettl5,31,46,0.402597402597403,none,21,30,0.411764705882353,none
Mfge8,77,76,0.503267973856209,none,119,125,0.487704918032787,none
Mfsd1,25,29,0.462962962962963,none,31,31,0.5,none
Mfsd14a,44,37,0.54320987654321,none,38,44,0.463414634146341,none
Mfsd5,28,25,0.528301886792453,none,19,23,0.452380952380952,none
Mga,59,66,0.472,none,43,34,0.558441558441558,none
Mia2,61,49,0.554545454545455,none,46,24,0.657142857142857,none
Miga1,60,34,0.638297872340426,none,27,19,0.58695652173913,none
Mindy1,30,54,0.357142857142857,none,15,50,0.230769230769231,none
Mios,43,39,0.524390243902439,none,20,31,0.392156862745098,none
Mipep,51,20,0.71830985915493,none,36,13,0.73469387755102,none
Mki67,52,50,0.509803921568627,none,31,32,0.492063492063492,none
Mkrn2,33,27,0.55,none,38,31,0.550724637681159,none
Mllt10,32,37,0.463768115942029,none,19,26,0.422222222222222,none
Mmadhc,71,45,0.612068965517241,none,63,32,0.663157894736842,none
Mms19,26,26,0.5,none,34,27,0.557377049180328,none
Mms22l,34,39,0.465753424657534,none,30,33,0.476190476190476,none
Morc1,176,86,0.67175572519084,none,101,67,0.601190476190476,none
Morc3,45,33,0.576923076923077,none,32,41,0.438356164383562,none
Mov10,62,45,0.579439252336449,none,49,49,0.5,none
Mpg,39,36,0.52,none,34,12,0.739130434782609,none
Mphosph10,76,59,0.562962962962963,none,53,26,0.670886075949367,none
Mphosph8,28,40,0.411764705882353,none,39,41,0.4875,none
Mpnd,50,71,0.413223140495868,none,31,34,0.476923076923077,none
Mre11a,42,38,0.525,none,31,37,0.455882352941176,none
Mrpl13,120,106,0.530973451327434,none,81,88,0.479289940828402,none
Mrpl17,210,208,0.502392344497608,none,195,206,0.486284289276808,none
Mrpl19,57,66,0.463414634146341,none,65,66,0.49618320610687,none
Mrpl3,62,41,0.601941747572815,none,33,28,0.540983606557377,none
Mrpl39,100,78,0.561797752808989,none,77,66,0.538461538461538,none
Mrpl4,111,97,0.533653846153846,none,85,90,0.485714285714286,none
Mrpl43,65,74,0.467625899280576,none,58,68,0.46031746031746,none
Mrpl44,40,28,0.588235294117647,none,33,30,0.523809523809524,none
Mrpl46,52,49,0.514851485148515,none,41,29,0.585714285714286,none
Mrpl47,67,74,0.475177304964539,none,58,67,0.464,none
Mrpl48,36,37,0.493150684931507,none,33,41,0.445945945945946,none
Mrpl55,26,44,0.371428571428571,none,32,45,0.415584415584416,none
Mrpl9,51,72,0.414634146341463,none,32,31,0.507936507936508,none
Mrps10,49,56,0.466666666666667,none,41,46,0.471264367816092,none
Mrps12,71,106,0.401129943502825,none,51,96,0.346938775510204,none
Mrps15,108,94,0.534653465346535,none,94,79,0.543352601156069,none
Mrps16,159,107,0.597744360902256,none,141,101,0.582644628099174,none
Mrps24,180,100,0.642857142857143,none,164,118,0.581560283687943,none
Mrps25,64,73,0.467153284671533,none,53,51,0.509615384615385,none
Mrps27,63,65,0.4921875,none,56,40,0.583333333333333,none
Mrps28,91,90,0.502762430939227,none,76,78,0.493506493506494,none
Mrps30,86,106,0.447916666666667,none,73,75,0.493243243243243,none
Mrps31,74,40,0.649122807017544,none,69,43,0.616071428571429,none
Mrps35,62,75,0.452554744525547,none,49,65,0.429824561403509,none
Mrps5,32,39,0.450704225352113,none,37,57,0.393617021276596,none
Mrps9,69,62,0.526717557251908,none,46,45,0.505494505494505,none
Msh2,153,171,0.472222222222222,none,128,114,0.528925619834711,none
Msh6,207,169,0.550531914893617,none,195,160,0.549295774647887,none
Msmo1,178,94,0.654411764705882,none,167,106,0.611721611721612,none
Msn,0,59,0,maternal,0,69,0,maternal
Msto1,18,33,0.352941176470588,none,22,30,0.423076923076923,none
Mtarc2,90,40,0.692307692307692,none,75,83,0.474683544303797,none
Mtfr1,58,42,0.58,none,61,48,0.559633027522936,none
Mtfr1l,29,35,0.453125,none,30,41,0.422535211267606,none
Mthfd1,91,115,0.441747572815534,none,87,119,0.422330097087379,none
Mthfd1l,42,33,0.56,none,34,34,0.5,none
Mtmr7,42,24,0.636363636363636,none,28,16,0.636363636363636,none
Mtrex,60,65,0.48,none,40,52,0.434782608695652,none
Mvb12a,108,62,0.635294117647059,none,98,34,0.742424242424242,none
Mvd,45,22,0.671641791044776,none,52,30,0.634146341463415,none
Mybl2,181,259,0.411363636363636,none,176,209,0.457142857142857,none
Mycn,86,54,0.614285714285714,none,70,41,0.630630630630631,none
Myh9,39,47,0.453488372093023,none,54,36,0.6,none
Myo10,47,77,0.379032258064516,none,63,88,0.417218543046358,none
Myo1b,20,31,0.392156862745098,none,20,33,0.377358490566038,none
Mzt2,111,30,0.787234042553192,none,71,12,0.855421686746988,paternal
N4bp1,73,21,0.776595744680851,none,52,25,0.675324675324675,none
N4bp2l2,41,50,0.450549450549451,none,36,32,0.529411764705882,none
Naa15,45,43,0.511363636363636,none,58,32,0.644444444444444,none
Naa16,20,26,0.434782608695652,none,23,18,0.560975609756098,none
Naa25,38,48,0.441860465116279,none,40,46,0.465116279069767,none
Naa35,52,46,0.530612244897959,none,57,59,0.491379310344828,none
Nadk2,55,51,0.518867924528302,none,41,46,0.471264367816092,none
Nae1,118,71,0.624338624338624,none,80,52,0.606060606060606,none
Nans,56,58,0.491228070175439,none,53,58,0.477477477477477,none
Nat10,32,41,0.438356164383562,none,26,29,0.472727272727273,none
Naxe,47,41,0.534090909090909,none,53,33,0.616279069767442,none
Nbr1,90,42,0.681818181818182,none,73,41,0.640350877192982,none
Ncapd2,79,117,0.403061224489796,none,75,96,0.43859649122807,none
Ncapg,82,62,0.569444444444444,none,56,48,0.538461538461538,none
Ncaph,38,29,0.567164179104478,none,41,35,0.539473684210526,none
Ncbp1,49,46,0.515789473684211,none,27,39,0.409090909090909,none
Ncoa3,45,42,0.517241379310345,none,24,33,0.421052631578947,none
Ndc1,46,46,0.5,none,43,19,0.693548387096774,none
Nde1,36,41,0.467532467532468,none,42,26,0.617647058823529,none
Ndufa10,100,85,0.540540540540541,none,88,69,0.560509554140127,none
Ndufa5,132,120,0.523809523809524,none,104,111,0.483720930232558,none
Ndufa6,231,254,0.476288659793814,none,196,207,0.486352357320099,none
Ndufaf1,27,28,0.490909090909091,none,29,21,0.58,none
Ndufaf2,27,42,0.391304347826087,none,21,29,0.42,none
Ndufb2,195,138,0.585585585585586,none,120,96,0.555555555555556,none
Ndufb8,296,256,0.536231884057971,none,299,227,0.568441064638783,none
Ndufc2,193,229,0.457345971563981,none,149,158,0.485342019543974,none
Ndufs1,84,67,0.556291390728477,none,60,61,0.495867768595041,none
Ndufv1,75,74,0.503355704697987,none,66,63,0.511627906976744,none
Nectin2,29,35,0.453125,none,23,21,0.522727272727273,none
Nelfa,16,31,0.340425531914894,none,15,26,0.365853658536585,none
Nelfb,44,37,0.54320987654321,none,39,37,0.513157894736842,none
Nfe2l2,56,47,0.543689320388349,none,38,35,0.520547945205479,none
Nfkbib,39,32,0.549295774647887,none,25,24,0.510204081632653,none
Nfu1,78,89,0.467065868263473,none,48,85,0.360902255639098,none
Nfx1,24,20,0.545454545454545,none,34,24,0.586206896551724,none
Ngrn,41,45,0.476744186046512,none,34,32,0.515151515151515,none
Nid2,104,76,0.577777777777778,none,83,77,0.51875,none
Nip7,223,104,0.681957186544342,none,184,100,0.647887323943662,none
Nln,30,30,0.5,none,20,23,0.465116279069767,none
Nme1,461,368,0.556091676718938,none,332,228,0.592857142857143,none
Nme6,38,36,0.513513513513513,none,27,36,0.428571428571429,none
Nob1,143,77,0.65,none,111,66,0.627118644067797,none
Noc2l,123,107,0.534782608695652,none,113,118,0.489177489177489,none
Noc4l,58,55,0.513274336283186,none,61,57,0.516949152542373,none
Noct,16,42,0.275862068965517,none,17,30,0.361702127659574,none
Nodal,28,58,0.325581395348837,none,39,51,0.433333333333333,none
Nol10,44,46,0.488888888888889,none,30,35,0.461538461538462,none
Nol11,66,68,0.492537313432836,none,59,39,0.602040816326531,none
Nol12,36,57,0.387096774193548,none,33,32,0.507692307692308,none
Nol6,49,39,0.556818181818182,none,23,46,0.333333333333333,none
Nomo1,42,47,0.471910112359551,none,21,39,0.35,none
Nop14,46,63,0.422018348623853,none,38,56,0.404255319148936,none
Nop9,48,55,0.466019417475728,none,45,61,0.424528301886792,none
Nosip,43,37,0.5375,none,45,40,0.529411764705882,none
Npm3,96,101,0.487309644670051,none,71,60,0.541984732824427,none
Nr0b1,0,128,0,maternal,0,56,0,maternal
Nsd1,52,38,0.577777777777778,none,34,53,0.390804597701149,none
Nsf,40,37,0.519480519480519,none,42,51,0.451612903225806,none
Nsun2,168,158,0.515337423312883,none,145,141,0.506993006993007,none
Nt5c3b,28,20,0.583333333333333,none,25,18,0.581395348837209,none
Nt5dc2,66,84,0.44,none,40,55,0.421052631578947,none
Nubp1,43,77,0.358333333333333,none,48,60,0.444444444444444,none
Nudt1,43,53,0.447916666666667,none,29,46,0.386666666666667,none
Nudt19,28,59,0.32183908045977,none,25,48,0.342465753424658,none
Nudt4,115,114,0.502183406113537,none,81,99,0.45,none
Nudt5,57,61,0.483050847457627,none,60,44,0.576923076923077,none
Nuf2,21,22,0.488372093023256,none,14,27,0.341463414634146,none
Nufip1,58,65,0.471544715447154,none,45,50,0.473684210526316,none
Nup133,89,59,0.601351351351351,none,58,61,0.487394957983193,none
Nup153,32,37,0.463768115942029,none,47,45,0.510869565217391,none
Nup155,44,48,0.478260869565217,none,62,48,0.563636363636364,none
Nup188,82,75,0.522292993630573,none,81,75,0.519230769230769,none
Nup205,56,80,0.411764705882353,none,50,54,0.480769230769231,none
Nup210,20,39,0.338983050847458,none,19,38,0.333333333333333,none
Nup62,52,64,0.448275862068966,none,63,94,0.401273885350318,none
Nup93,54,23,0.701298701298701,none,75,31,0.707547169811321,none
Nusap1,58,85,0.405594405594406,none,49,62,0.441441441441441,none
Nvl,56,59,0.48695652173913,none,36,49,0.423529411764706,none
Nxf1,37,45,0.451219512195122,none,32,38,0.457142857142857,none
Oat,35,68,0.339805825242718,none,38,70,0.351851851851852,none
Ogdhl,74,17,0.813186813186813,paternal,37,5,0.880952380952381,paternal
Ogfod1,34,11,0.755555555555556,none,29,15,0.659090909090909,none
Ooep,98,101,0.492462311557789,none,142,104,0.577235772357724,none
Opa1,33,25,0.568965517241379,none,29,25,0.537037037037037,none
Orc1,38,31,0.550724637681159,none,35,24,0.593220338983051,none
Orc2,49,57,0.462264150943396,none,38,58,0.395833333333333,none
Orc4,43,34,0.558441558441558,none,28,32,0.466666666666667,none
Orc6,203,105,0.659090909090909,none,152,81,0.652360515021459,none
Osbpl1a,45,19,0.703125,none,34,21,0.618181818181818,none
Osgep,78,117,0.4,none,46,73,0.38655462184874,none
Otud4,44,30,0.594594594594595,none,43,23,0.651515151515151,none
Oxa1l,60,85,0.413793103448276,none,59,57,0.508620689655172,none
Oxct1,51,72,0.414634146341463,none,35,36,0.492957746478873,none
P4hb,77,96,0.445086705202312,none,126,150,0.456521739130435,none
Pafah1b3,65,46,0.585585585585586,none,60,40,0.6,none
Paics,736,554,0.570542635658915,none,474,349,0.575941676792224,none
Pak1,39,30,0.565217391304348,none,28,20,0.583333333333333,none
Pak4,33,25,0.568965517241379,none,32,41,0.438356164383562,none
Pald1,49,52,0.485148514851485,none,30,36,0.454545454545455,none
Parg,31,19,0.62,none,27,18,0.6,none
Parn,23,22,0.511111111111111,none,22,21,0.511627906976744,none
Parp1,255,256,0.499021526418787,none,259,235,0.524291497975709,none
Parp2,50,27,0.649350649350649,none,31,20,0.607843137254902,none
Pcgf6,67,58,0.536,none,50,52,0.490196078431373,none
Pcid2,67,26,0.720430107526882,none,58,30,0.659090909090909,none
Pck2,62,20,0.75609756097561,none,85,46,0.648854961832061,none
Pcm1,64,31,0.673684210526316,none,45,25,0.642857142857143,none
Pcolce,55,71,0.436507936507937,none,62,60,0.508196721311475,none
Pcolce2,57,35,0.619565217391304,none,43,31,0.581081081081081,none
Pdcd11,42,39,0.518518518518518,none,20,27,0.425531914893617,none
Pdcd2l,43,62,0.40952380952381,none,44,44,0.5,none
Pdcd7,29,36,0.446153846153846,none,19,32,0.372549019607843,none
Pde12,30,37,0.447761194029851,none,17,33,0.34,none
Pdia4,55,51,0.518867924528302,none,70,65,0.518518518518518,none
Pdk1,133,136,0.494423791821561,none,50,52,0.490196078431373,none
Pdlim1,81,94,0.462857142857143,none,61,52,0.539823008849557,none
Pdlim5,30,37,0.447761194029851,none,24,21,0.533333333333333,none
Pdxdc1,9,35,0.204545454545455,none,14,29,0.325581395348837,none
Pecam1,46,25,0.647887323943662,none,52,21,0.712328767123288,none
Pef1,50,38,0.568181818181818,none,44,35,0.556962025316456,none
Peg3,23,41,0.359375,none,33,32,0.507692307692308,none
Pelp1,49,58,0.457943925233645,none,47,37,0.55952380952381,none
Pepd,24,37,0.39344262295082,none,30,26,0.535714285714286,none
Pes1,86,85,0.502923976608187,none,46,77,0.373983739837398,none
Pex13,41,17,0.706896551724138,none,21,20,0.51219512195122,none
Pfas,65,53,0.550847457627119,none,46,35,0.567901234567901,none
Pfdn1,181,169,0.517142857142857,none,192,176,0.521739130434783,none
Pfdn4,92,89,0.50828729281768,none,68,65,0.511278195488722,none
Pfdn6,66,70,0.485294117647059,none,42,65,0.392523364485981,none
Pfkl,193,120,0.616613418530351,none,172,132,0.565789473684211,none
Pfkp,86,47,0.646616541353383,none,114,88,0.564356435643564,none
Pgam5,76,45,0.628099173553719,none,44,36,0.55,none
Pgd,86,171,0.334630350194553,none,62,141,0.305418719211823,none
Pgm1,31,55,0.36046511627907,none,55,57,0.491071428571429,none
Pgm2,31,31,0.5,none,37,39,0.486842105263158,none
Phax,52,60,0.464285714285714,none,40,44,0.476190476190476,none
Phc1,73,114,0.390374331550802,none,59,70,0.457364341085271,none
Phrf1,26,42,0.382352941176471,none,24,27,0.470588235294118,none
Phyh,23,51,0.310810810810811,none,28,53,0.345679012345679,none
Picalm,50,39,0.561797752808989,none,36,42,0.461538461538462,none
Pigs,35,23,0.603448275862069,none,19,23,0.452380952380952,none
Pih1d1,57,37,0.606382978723404,none,60,42,0.588235294117647,none
Pitrm1,73,100,0.421965317919075,none,39,36,0.52,none
Pkig,28,23,0.549019607843137,none,39,17,0.696428571428571,none
Pkn2,31,41,0.430555555555556,none,32,25,0.56140350877193,none
Plaa,122,102,0.544642857142857,none,58,81,0.41726618705036,none
Plekha4,17,25,0.404761904761905,none,31,22,0.584905660377358,none
Plin3,120,81,0.597014925373134,none,103,82,0.556756756756757,none
Plk1,64,81,0.441379310344828,none,77,77,0.5,none
Plk4,33,33,0.5,none,24,18,0.571428571428571,none
Plod2,29,12,0.707317073170732,none,22,22,0.5,none
Plpp1,18,35,0.339622641509434,none,24,40,0.375,none
Plscr1,47,21,0.691176470588235,none,44,14,0.758620689655172,none
Pltp,33,26,0.559322033898305,none,46,28,0.621621621621622,none
Pml,79,79,0.5,none,51,37,0.579545454545455,none
Pmm1,188,244,0.435185185185185,none,105,124,0.458515283842795,none
Pmpcb,95,58,0.620915032679739,none,41,48,0.460674157303371,none
Pmvk,15,51,0.227272727272727,none,13,38,0.254901960784314,none
Pnn,44,53,0.45360824742268,none,22,32,0.407407407407407,none
Pnpla6,32,18,0.64,none,46,10,0.821428571428571,paternal
Pnpt1,37,29,0.560606060606061,none,29,23,0.557692307692308,none
Pola1,0,95,0,maternal,0,64,0,maternal
Pola2,59,46,0.561904761904762,none,51,51,0.5,none
Pold1,36,55,0.395604395604396,none,27,27,0.5,none
Pole,22,45,0.328358208955224,none,17,29,0.369565217391304,none
Pole2,46,35,0.567901234567901,none,33,39,0.458333333333333,none
Polr1a,40,50,0.444444444444444,none,40,33,0.547945205479452,none
Polr1e,39,29,0.573529411764706,none,18,24,0.428571428571429,none
Polr2a,25,21,0.543478260869565,none,19,24,0.441860465116279,none
Polr2b,59,66,0.472,none,37,63,0.37,none
Polr3g,38,48,0.441860465116279,none,20,21,0.48780487804878,none
Ppa2,63,86,0.422818791946309,none,44,36,0.55,none
Ppan,36,41,0.467532467532468,none,24,25,0.489795918367347,none
Ppid,294,319,0.479608482871126,none,193,200,0.491094147582697,none
Ppif,62,57,0.521008403361345,none,68,52,0.566666666666667,none
Ppil1,114,123,0.481012658227848,none,102,125,0.449339207048458,none
Ppil4,32,23,0.581818181818182,none,27,17,0.613636363636364,none
Ppme1,30,26,0.535714285714286,none,25,34,0.423728813559322,none
Ppp1r15b,27,29,0.482142857142857,none,20,23,0.465116279069767,none
Ppp1r8,74,76,0.493333333333333,none,48,59,0.448598130841121,none
Ppp5c,60,46,0.566037735849057,none,33,30,0.523809523809524,none
Pprc1,50,62,0.446428571428571,none,39,60,0.393939393939394,none
Prdm14,36,5,0.878048780487805,paternal,33,8,0.804878048780488,paternal
Prdm4,28,32,0.466666666666667,none,24,19,0.558139534883721,none
Prep,63,75,0.456521739130435,none,40,61,0.396039603960396,none
Prim2,33,47,0.4125,none,19,45,0.296875,none
Primpol,34,9,0.790697674418605,none,42,6,0.875,paternal
Prkaa1,27,25,0.519230769230769,none,24,20,0.545454545454545,none
Prkab1,26,15,0.634146341463415,none,18,23,0.439024390243902,none
Prkag1,29,20,0.591836734693878,none,28,14,0.666666666666667,none
Prkar1a,82,55,0.598540145985402,none,64,66,0.492307692307692,none
Prkci,37,65,0.362745098039216,none,33,64,0.34020618556701,none
Prkcsh,38,25,0.603174603174603,none,51,30,0.62962962962963,none
Prmt3,77,96,0.445086705202312,none,73,52,0.584,none
Prmt5,91,128,0.415525114155251,none,79,115,0.407216494845361,none
Prorp,64,37,0.633663366336634,none,54,25,0.683544303797468,none
Prpf19,42,59,0.415841584158416,none,29,37,0.439393939393939,none
Prpf31,69,69,0.5,none,43,66,0.394495412844037,none
Prpf8,64,44,0.592592592592593,none,63,66,0.488372093023256,none
Prpsap2,24,50,0.324324324324324,none,23,25,0.479166666666667,none
Prrc1,22,83,0.20952380952381,none,27,86,0.238938053097345,none
Prrc2b,58,39,0.597938144329897,none,63,41,0.605769230769231,none
Psap,28,33,0.459016393442623,none,63,44,0.588785046728972,none
Psmb4,186,254,0.422727272727273,none,165,242,0.405405405405405,none
Psmb7,300,338,0.470219435736677,none,262,304,0.462897526501767,none
Psmd1,99,106,0.482926829268293,none,81,76,0.515923566878981,none
Psmd12,163,150,0.520766773162939,none,125,112,0.527426160337553,none
Psmd5,51,74,0.408,none,50,58,0.462962962962963,none
Psmd7,248,153,0.618453865336658,none,197,131,0.600609756097561,none
Psme4,30,55,0.352941176470588,none,32,44,0.421052631578947,none
Psmg4,90,49,0.647482014388489,none,92,74,0.55421686746988,none
Psph,52,57,0.477064220183486,none,48,48,0.5,none
Psrc1,78,87,0.472727272727273,none,58,73,0.442748091603053,none
Ptcd3,94,104,0.474747474747475,none,76,66,0.535211267605634,none
Ptdss1,21,22,0.488372093023256,none,25,38,0.396825396825397,none
Ptgr1,374,88,0.80952380952381,paternal,255,46,0.847176079734219,paternal
Pttg1,279,59,0.825443786982249,paternal,287,53,0.844117647058824,paternal
Pttg1ip,52,34,0.604651162790698,none,53,40,0.56989247311828,none
Pum3,84,85,0.497041420118343,none,73,77,0.486666666666667,none
Pus7,27,37,0.421875,none,29,22,0.568627450980392,none
Pwp2,26,20,0.565217391304348,none,23,25,0.479166666666667,none
Pycr2,79,122,0.393034825870647,none,52,58,0.472727272727273,none
Qtrt1,26,18,0.590909090909091,none,25,17,0.595238095238095,none
Rab21,40,22,0.645161290322581,none,35,24,0.593220338983051,none
Rab4a,48,27,0.64,none,29,16,0.644444444444444,none
Rabggta,41,26,0.611940298507463,none,39,31,0.557142857142857,none
Rabggtb,144,117,0.551724137931034,none,86,61,0.585034013605442,none
Racgap1,42,43,0.494117647058824,none,49,31,0.6125,none
Rad21,170,188,0.474860335195531,none,112,124,0.474576271186441,none
Rad23b,121,128,0.485943775100402,none,134,90,0.598214285714286,none
Rad50,24,27,0.470588235294118,none,22,34,0.392857142857143,none
Rad9a,12,29,0.292682926829268,none,17,26,0.395348837209302,none
Raf1,43,42,0.505882352941176,none,47,36,0.566265060240964,none
Ralb,27,23,0.54,none,30,28,0.517241379310345,none
Ralbp1,21,38,0.355932203389831,none,31,36,0.462686567164179,none
Rapgef1,30,35,0.461538461538462,none,20,23,0.465116279069767,none
Rars,130,140,0.481481481481481,none,111,101,0.523584905660377,none
Rbfa,20,52,0.277777777777778,none,18,32,0.36,none
Rbm19,26,17,0.604651162790698,none,32,22,0.592592592592593,none
Rbm22,33,36,0.478260869565217,none,21,25,0.456521739130435,none
Rbm28,36,47,0.433734939759036,none,35,32,0.522388059701492,none
Rcc1l,36,23,0.610169491525424,none,30,12,0.714285714285714,none
Rchy1,25,28,0.471698113207547,none,25,26,0.490196078431373,none
Rcl1,45,42,0.517241379310345,none,48,50,0.489795918367347,none
Rdh11,119,22,0.843971631205674,paternal,81,22,0.786407766990291,none
Rdm1,28,58,0.325581395348837,none,18,49,0.26865671641791,none
Rdx,93,102,0.476923076923077,none,94,96,0.494736842105263,none
Reps1,50,33,0.602409638554217,none,35,27,0.564516129032258,none
Rest,86,102,0.457446808510638,none,75,90,0.454545454545455,none
Retsat,56,8,0.875,paternal,49,17,0.742424242424242,none
Rfc1,73,81,0.474025974025974,none,63,42,0.6,none
Rif1,68,74,0.47887323943662,none,60,39,0.606060606060606,none
Riok2,66,40,0.622641509433962,none,41,42,0.493975903614458,none
Riok3,34,30,0.53125,none,33,23,0.589285714285714,none
Riox1,41,24,0.630769230769231,none,31,17,0.645833333333333,none
Rlim,0,83,0,maternal,0,46,0,maternal
Rnaseh1,20,21,0.48780487804878,none,15,32,0.319148936170213,none
Rnaseh2a,174,62,0.73728813559322,none,147,73,0.668181818181818,none
Rnaseh2b,87,98,0.47027027027027,none,69,81,0.46,none
Rnf17,9,57,0.136363636363636,maternal,7,54,0.114754098360656,maternal
Rnf19b,30,34,0.46875,none,32,38,0.457142857142857,none
Rnh1,56,66,0.459016393442623,none,46,50,0.479166666666667,none
Rnmt,83,73,0.532051282051282,none,46,49,0.484210526315789,none
Rogdi,44,24,0.647058823529412,none,35,22,0.614035087719298,none
Rp9,51,42,0.548387096774194,none,28,29,0.491228070175439,none
Rpa1,166,126,0.568493150684932,none,121,118,0.506276150627615,none
Rpa2,151,98,0.606425702811245,none,119,91,0.566666666666667,none
Rpap1,40,51,0.43956043956044,none,20,37,0.350877192982456,none
Rpap3,34,25,0.576271186440678,none,31,24,0.563636363636364,none
Rpf1,78,57,0.577777777777778,none,61,39,0.61,none
Rpf2,108,98,0.524271844660194,none,81,67,0.547297297297297,none
Rpl10l,41,44,0.482352941176471,none,44,38,0.536585365853659,none
Rpp30,51,49,0.51,none,44,48,0.478260869565217,none
Rpp40,44,36,0.55,none,25,18,0.581395348837209,none
Rps6ka1,47,68,0.408695652173913,none,61,77,0.442028985507246,none
Rps6ka6,0,108,0,maternal,0,64,0,maternal
Rrm1,138,131,0.513011152416357,none,101,103,0.495098039215686,none
Rrp12,42,32,0.567567567567568,none,42,33,0.56,none
Rrp15,75,72,0.510204081632653,none,47,49,0.489583333333333,none
Rrp1b,83,62,0.572413793103448,none,49,52,0.485148514851485,none
Rrp36,41,31,0.569444444444444,none,33,18,0.647058823529412,none
Rrp9,61,62,0.495934959349593,none,54,58,0.482142857142857,none
Rtca,31,50,0.382716049382716,none,23,56,0.291139240506329,none
Rtf2,29,39,0.426470588235294,none,30,39,0.434782608695652,none
Rtn4,78,76,0.506493506493506,none,58,71,0.449612403100775,none
S100a13,30,81,0.27027027027027,none,21,59,0.2625,none
Saal1,59,44,0.572815533980582,none,34,43,0.441558441558442,none
Sac3d1,30,34,0.46875,none,33,32,0.507692307692308,none
Sall4,85,111,0.433673469387755,none,112,94,0.543689320388349,none
Samhd1,16,30,0.347826086956522,none,23,36,0.389830508474576,none
Samm50,134,111,0.546938775510204,none,100,101,0.497512437810945,none
Sap30bp,27,41,0.397058823529412,none,32,27,0.542372881355932,none
Saraf,48,36,0.571428571428571,none,43,18,0.704918032786885,none
Sars2,36,32,0.529411764705882,none,14,28,0.333333333333333,none
Sart1,25,28,0.471698113207547,none,23,23,0.5,none
Sart3,38,30,0.558823529411765,none,24,27,0.470588235294118,none
Sbds,49,60,0.44954128440367,none,50,29,0.632911392405063,none
Scaf11,42,64,0.39622641509434,none,43,37,0.5375,none
Scarb1,27,45,0.375,none,32,48,0.4,none
Scd1,56,60,0.482758620689655,none,60,62,0.491803278688525,none
Scp2,14,45,0.23728813559322,none,11,50,0.180327868852459,maternal
Sdad1,37,44,0.45679012345679,none,31,35,0.46969696969697,none
Sdf2,44,41,0.517647058823529,none,21,28,0.428571428571429,none
Sdf4,83,67,0.553333333333333,none,58,61,0.487394957983193,none
Sdha,174,170,0.505813953488372,none,135,117,0.535714285714286,none
Sdr39u1,29,17,0.630434782608696,none,33,12,0.733333333333333,none
Sec22b,37,35,0.513888888888889,none,27,29,0.482142857142857,none
Sec23ip,23,32,0.418181818181818,none,20,23,0.465116279069767,none
Sec31a,52,69,0.429752066115702,none,39,55,0.414893617021277,none
Senp2,88,67,0.567741935483871,none,62,36,0.63265306122449,none
Senp6,27,28,0.490909090909091,none,27,19,0.58695652173913,none
Septin11,83,70,0.542483660130719,none,55,76,0.419847328244275,none
Septin9,57,50,0.532710280373832,none,50,63,0.442477876106195,none
Serinc3,86,54,0.614285714285714,none,104,46,0.693333333333333,none
Serpinb6a,108,94,0.534653465346535,none,74,60,0.552238805970149,none
Serpinb6c,32,13,0.711111111111111,none,30,15,0.666666666666667,none
Setd2,33,13,0.717391304347826,none,23,21,0.522727272727273,none
Setdb1,30,20,0.6,none,23,25,0.479166666666667,none
Setx,25,50,0.333333333333333,none,31,45,0.407894736842105,none
Sf3a3,91,78,0.538461538461538,none,68,72,0.485714285714286,none
Sf3b1,105,111,0.486111111111111,none,93,87,0.516666666666667,none
Sfxn1,41,38,0.518987341772152,none,40,34,0.540540540540541,none
Sgo1,58,53,0.522522522522523,none,36,35,0.507042253521127,none
Sgo2a,53,80,0.398496240601504,none,29,37,0.439393939393939,none
Sh3bp4,19,35,0.351851851851852,none,23,40,0.365079365079365,none
Sh3gl1,31,30,0.508196721311475,none,27,30,0.473684210526316,none
Shcbp1,60,31,0.659340659340659,none,42,33,0.56,none
Shkbp1,23,26,0.469387755102041,none,32,20,0.615384615384615,none
Shmt2,118,95,0.553990610328638,none,172,127,0.575250836120401,none
Shoc2,24,30,0.444444444444444,none,28,23,0.549019607843137,none
Ska3,23,38,0.377049180327869,none,25,25,0.5,none
Slc10a7,38,15,0.716981132075472,none,31,14,0.688888888888889,none
Slc12a7,20,32,0.384615384615385,none,27,27,0.5,none
Slc16a1,128,112,0.533333333333333,none,101,87,0.537234042553192,none
Slc20a1,29,42,0.408450704225352,none,33,45,0.423076923076923,none
Slc20a2,44,23,0.656716417910448,none,45,17,0.725806451612903,none
Slc25a12,47,20,0.701492537313433,none,29,16,0.644444444444444,none
Slc25a13,136,169,0.445901639344262,none,96,127,0.430493273542601,none
Slc25a15,40,13,0.754716981132076,none,40,15,0.727272727272727,none
Slc25a39,219,239,0.478165938864629,none,194,223,0.465227817745803,none
Slc25a46,28,27,0.509090909090909,none,26,18,0.590909090909091,none
Slc29a1,48,34,0.585365853658537,none,58,59,0.495726495726496,none
Slc38a1,68,47,0.591304347826087,none,50,42,0.543478260869565,none
Slc38a10,34,54,0.386363636363636,none,44,37,0.54320987654321,none
Slc3a2,240,168,0.588235294117647,none,240,183,0.567375886524823,none
Slc7a5,188,100,0.652777777777778,none,173,111,0.609154929577465,none
Slu7,40,23,0.634920634920635,none,21,22,0.488372093023256,none
Smarcad1,43,70,0.380530973451327,none,25,36,0.409836065573771,none
Smarcb1,66,77,0.461538461538462,none,59,76,0.437037037037037,none
Smarcc1,84,71,0.541935483870968,none,58,67,0.464,none
Smc2,55,72,0.433070866141732,none,47,45,0.510869565217391,none
Smc4,89,81,0.523529411764706,none,73,69,0.514084507042254,none
Smc5,34,23,0.596491228070175,none,28,25,0.528301886792453,none
Smc6,31,33,0.484375,none,49,28,0.636363636363636,none
Smdt1,76,88,0.463414634146341,none,98,87,0.52972972972973,none
Smu1,118,127,0.481632653061224,none,74,81,0.47741935483871,none
Smyd2,29,31,0.483333333333333,none,25,23,0.520833333333333,none
Smyd3,21,31,0.403846153846154,none,21,28,0.428571428571429,none
Snd1,37,45,0.451219512195122,none,22,34,0.392857142857143,none
Snrnp200,35,44,0.443037974683544,none,61,62,0.495934959349593,none
Snrnp40,102,94,0.520408163265306,none,82,60,0.577464788732394,none
Snrpb2,136,149,0.47719298245614,none,72,111,0.39344262295082,none
Snx18,16,28,0.363636363636364,none,17,57,0.22972972972973,none
Snx9,21,20,0.51219512195122,none,24,18,0.571428571428571,none
Son,19,25,0.431818181818182,none,34,26,0.566666666666667,none
Sp2,26,33,0.440677966101695,none,28,45,0.383561643835616,none
Spag5,18,23,0.439024390243902,none,17,24,0.414634146341463,none
Spata5,39,29,0.573529411764706,none,27,24,0.529411764705882,none
Spats2,20,27,0.425531914893617,none,22,36,0.379310344827586,none
Spc25,69,59,0.5390625,none,41,44,0.482352941176471,none
Spcs3,103,41,0.715277777777778,none,83,45,0.6484375,none
Spg21,75,51,0.595238095238095,none,40,52,0.434782608695652,none
Spidr,31,21,0.596153846153846,none,23,18,0.560975609756098,none
Spint2,120,115,0.51063829787234,none,76,77,0.496732026143791,none
Spout1,33,32,0.507692307692308,none,22,35,0.385964912280702,none
Spp1,229,181,0.558536585365854,none,124,264,0.319587628865979,none
Spryd4,22,25,0.468085106382979,none,22,24,0.478260869565217,none
Sptan1,27,26,0.509433962264151,none,56,50,0.528301886792453,none
Sptbn1,22,22,0.5,none,23,28,0.450980392156863,none
Sra1,26,39,0.4,none,45,45,0.5,none
Srfbp1,47,50,0.484536082474227,none,30,21,0.588235294117647,none
Sri,36,37,0.493150684931507,none,29,13,0.69047619047619,none
Srp72,89,82,0.52046783625731,none,68,63,0.519083969465649,none
Srpk1,60,52,0.535714285714286,none,65,41,0.613207547169811,none
Srpk2,25,31,0.446428571428571,none,26,17,0.604651162790698,none
Srpr,32,33,0.492307692307692,none,48,42,0.533333333333333,none
Srrt,83,81,0.50609756097561,none,62,53,0.539130434782609,none
Srsf4,58,59,0.495726495726496,none,34,46,0.425,none
Ssh1,73,7,0.9125,paternal,63,15,0.807692307692308,paternal
Ssr1,126,117,0.518518518518518,none,103,91,0.530927835051546,none
St14,15,32,0.319148936170213,none,13,34,0.276595744680851,none
Stk4,36,40,0.473684210526316,none,27,24,0.529411764705882,none
Stoml2,189,173,0.522099447513812,none,152,165,0.479495268138801,none
Stt3a,42,47,0.471910112359551,none,60,39,0.606060606060606,none
Stt3b,38,42,0.475,none,55,50,0.523809523809524,none
Sucla2,61,79,0.435714285714286,none,55,75,0.423076923076923,none
Suclg1,117,159,0.423913043478261,none,102,115,0.470046082949309,none
Sulf2,49,48,0.505154639175258,none,55,45,0.55,none
Sumf2,25,38,0.396825396825397,none,31,33,0.484375,none
Sun1,35,46,0.432098765432099,none,41,48,0.460674157303371,none
Supt6,24,31,0.436363636363636,none,28,21,0.571428571428571,none
Supv3l1,37,21,0.637931034482759,none,27,32,0.457627118644068,none
Surf1,24,31,0.436363636363636,none,25,29,0.462962962962963,none
Surf2,18,32,0.36,none,18,32,0.36,none
Sympk,44,50,0.468085106382979,none,34,28,0.548387096774194,none
Tacc3,46,55,0.455445544554455,none,39,34,0.534246575342466,none
Tada2a,55,43,0.561224489795918,none,34,32,0.515151515151515,none
Tada3,50,51,0.495049504950495,none,70,63,0.526315789473684,none
Taf1d,75,32,0.700934579439252,none,39,28,0.582089552238806,none
Taf5l,78,53,0.595419847328244,none,79,43,0.647540983606557,none
Taf6,44,25,0.63768115942029,none,27,23,0.54,none
Taf7,132,121,0.521739130434783,none,94,85,0.525139664804469,none
Tamm41,38,51,0.426966292134831,none,32,27,0.542372881355932,none
Tars,170,142,0.544871794871795,none,162,134,0.547297297297297,none
Tars2,38,41,0.481012658227848,none,41,29,0.585714285714286,none
Tasor,17,28,0.377777777777778,none,18,28,0.391304347826087,none
Tax1bp1,41,51,0.445652173913043,none,53,49,0.519607843137255,none
Tbc1d10b,22,32,0.407407407407407,none,28,39,0.417910447761194,none
Tbcb,64,86,0.426666666666667,none,54,87,0.382978723404255,none
Tbcd,25,18,0.581395348837209,none,23,18,0.560975609756098,none
Tbl3,69,67,0.507352941176471,none,51,56,0.476635514018692,none
Tbrg4,25,26,0.490196078431373,none,38,44,0.463414634146341,none
Tbx3,25,59,0.297619047619048,none,30,51,0.37037037037037,none
Tcea3,81,47,0.6328125,none,65,37,0.637254901960784,none
Tcf25,94,52,0.643835616438356,none,131,68,0.658291457286432,none
Tcof1,38,35,0.520547945205479,none,45,42,0.517241379310345,none
Tdp1,30,27,0.526315789473684,none,21,21,0.5,none
Tdp2,87,55,0.612676056338028,none,60,40,0.6,none
Tead2,53,89,0.373239436619718,none,52,82,0.388059701492537,none
Terf1,33,45,0.423076923076923,none,51,42,0.548387096774194,none
Tes,33,42,0.44,none,19,28,0.404255319148936,none
Tet1,50,69,0.420168067226891,none,46,55,0.455445544554455,none
Tex10,47,47,0.5,none,27,38,0.415384615384615,none
Tex19.1,42,22,0.65625,none,41,27,0.602941176470588,none
Tfcp2l1,53,83,0.389705882352941,none,119,150,0.442379182156134,none
Tfdp1,143,101,0.586065573770492,none,150,95,0.612244897959184,none
Tfeb,31,17,0.645833333333333,none,27,20,0.574468085106383,none
Tgoln1,23,27,0.46,none,19,30,0.387755102040816,none
Thap4,29,31,0.483333333333333,none,33,22,0.6,none
Thoc1,33,39,0.458333333333333,none,25,21,0.543478260869565,none
Thoc3,29,38,0.432835820895522,none,21,25,0.456521739130435,none
Thoc5,48,40,0.545454545454545,none,26,38,0.40625,none
Thoc7,61,65,0.484126984126984,none,48,50,0.489795918367347,none
Thop1,85,94,0.474860335195531,none,57,54,0.513513513513513,none
Thumpd1,59,52,0.531531531531532,none,35,28,0.555555555555556,none
Thumpd3,73,93,0.439759036144578,none,33,65,0.336734693877551,none
Timeless,45,28,0.616438356164384,none,41,30,0.577464788732394,none
Timm50,93,43,0.683823529411765,none,65,40,0.619047619047619,none
Tinf2,40,33,0.547945205479452,none,31,28,0.525423728813559,none
Tjp2,51,61,0.455357142857143,none,40,49,0.449438202247191,none
Tk1,90,103,0.466321243523316,none,107,116,0.479820627802691,none
Tkfc,30,17,0.638297872340426,none,30,24,0.555555555555556,none
Tkt,175,176,0.498575498575499,none,127,135,0.484732824427481,none
Tle3,22,38,0.366666666666667,none,45,32,0.584415584415584,none
Tlk1,54,35,0.606741573033708,none,36,24,0.6,none
Tlnrd1,47,27,0.635135135135135,none,32,17,0.653061224489796,none
Tm7sf3,48,77,0.384,none,48,66,0.421052631578947,none
Tm9sf2,57,64,0.471074380165289,none,44,52,0.458333333333333,none
Tmeff1,30,30,0.5,none,26,32,0.448275862068966,none
Tmem192,39,29,0.573529411764706,none,35,33,0.514705882352941,none
Tmem209,80,63,0.559440559440559,none,45,40,0.529411764705882,none
Tmem242,52,28,0.65,none,30,15,0.666666666666667,none
Tmem248,27,42,0.391304347826087,none,25,24,0.510204081632653,none
Tmem258,137,147,0.482394366197183,none,92,131,0.412556053811659,none
Tmem259,39,29,0.573529411764706,none,19,24,0.441860465116279,none
Tmem41b,27,36,0.428571428571429,none,49,37,0.569767441860465,none
Tmem59,39,45,0.464285714285714,none,51,75,0.404761904761905,none
Tmem70,11,32,0.255813953488372,none,20,26,0.434782608695652,none
Tmem8,64,33,0.65979381443299,none,32,22,0.592592592592593,none
Tmod3,25,25,0.5,none,28,30,0.482758620689655,none
Tmpo,29,27,0.517857142857143,none,32,24,0.571428571428571,none
Tnip1,27,16,0.627906976744186,none,33,25,0.568965517241379,none
Tnks2,101,150,0.402390438247012,none,86,97,0.469945355191257,none
Tnpo1,64,80,0.444444444444444,none,58,57,0.504347826086956,none
Tnpo2,65,26,0.714285714285714,none,37,16,0.69811320754717,none
Top2a,300,244,0.551470588235294,none,212,213,0.498823529411765,none
Top3b,29,26,0.527272727272727,none,20,22,0.476190476190476,none
Topbp1,71,60,0.541984732824427,none,62,46,0.574074074074074,none
Tor1a,23,18,0.560975609756098,none,22,22,0.5,none
Tox4,38,41,0.481012658227848,none,44,37,0.54320987654321,none
Tpd52l2,84,63,0.571428571428571,none,52,51,0.504854368932039,none
Tpp2,31,35,0.46969696969697,none,29,41,0.414285714285714,none
Tpr,39,59,0.397959183673469,none,50,58,0.462962962962963,none
Tpx2,94,98,0.489583333333333,none,62,88,0.413333333333333,none
Trappc11,36,24,0.6,none,32,11,0.744186046511628,none
Trappc13,81,59,0.578571428571429,none,48,25,0.657534246575342,none
Trappc2l,69,35,0.663461538461538,none,51,27,0.653846153846154,none
Trh,124,461,0.211965811965812,none,6,90,0.0625,maternal
Trim13,21,51,0.291666666666667,none,29,23,0.557692307692308,none
Trim24,36,56,0.391304347826087,none,29,45,0.391891891891892,none
Trim25,40,40,0.5,none,61,43,0.586538461538462,none
Trim35,24,37,0.39344262295082,none,16,27,0.372093023255814,none
Trim37,31,55,0.36046511627907,none,30,36,0.454545454545455,none
Trim6,60,73,0.451127819548872,none,68,86,0.441558441558442,none
Trim71,32,37,0.463768115942029,none,19,29,0.395833333333333,none
Trim8,38,24,0.612903225806452,none,35,45,0.4375,none
Triml2,39,9,0.8125,paternal,72,12,0.857142857142857,paternal
Trip12,54,39,0.580645161290323,none,66,58,0.532258064516129,none
Trip6,36,26,0.580645161290323,none,26,18,0.590909090909091,none
Trmt1,26,31,0.456140350877193,none,41,14,0.745454545454545,none
Trmt10c,37,56,0.397849462365591,none,28,18,0.608695652173913,none
Trnt1,64,57,0.528925619834711,none,33,35,0.485294117647059,none
Tsc22d4,35,19,0.648148148148148,none,51,25,0.671052631578947,none
Tsfm,78,45,0.634146341463415,none,65,41,0.613207547169811,none
Tspan13,30,36,0.454545454545455,none,32,28,0.533333333333333,none
Tspyl1,22,25,0.468085106382979,none,16,27,0.372093023255814,none
Tsr1,101,92,0.523316062176166,none,91,60,0.602649006622517,none
Tsr3,42,36,0.538461538461538,none,35,33,0.514705882352941,none
Tsta3,46,60,0.433962264150943,none,28,36,0.4375,none
Ttc13,63,19,0.768292682926829,none,37,21,0.637931034482759,none
Ttc27,22,46,0.323529411764706,none,23,19,0.547619047619048,none
Ttc4,23,36,0.389830508474576,none,20,41,0.327868852459016,none
Ttk,40,34,0.540540540540541,none,23,23,0.5,none
Ttll12,43,37,0.5375,none,21,22,0.488372093023256,none
Tubg1,45,32,0.584415584415584,none,27,31,0.46551724137931,none
Tubgcp2,21,23,0.477272727272727,none,28,21,0.571428571428571,none
Tufm,111,110,0.502262443438914,none,107,118,0.475555555555556,none
Twf2,51,58,0.467889908256881,none,44,43,0.505747126436782,none
Txlna,27,31,0.46551724137931,none,25,32,0.43859649122807,none
Txnl1,181,207,0.466494845360825,none,127,119,0.516260162601626,none
Txnrd1,176,228,0.435643564356436,none,114,136,0.456,none
U2surp,63,78,0.446808510638298,none,64,59,0.520325203252033,none
Uap1,33,26,0.559322033898305,none,34,33,0.507462686567164,none
Uba1,0,370,0,maternal,0,327,0,maternal
Uba5,35,18,0.660377358490566,none,31,34,0.476923076923077,none
Ubap2,54,59,0.47787610619469,none,38,56,0.404255319148936,none
Ube2t,48,60,0.444444444444444,none,28,38,0.424242424242424,none
Ube2z,36,37,0.493150684931507,none,24,19,0.558139534883721,none
Ube3c,40,22,0.645161290322581,none,27,14,0.658536585365854,none
Ube4b,22,25,0.468085106382979,none,15,27,0.357142857142857,none
Ubl7,35,44,0.443037974683544,none,35,38,0.479452054794521,none
Ubqln1,62,56,0.525423728813559,none,49,72,0.40495867768595,none
Ubr5,48,44,0.521739130434783,none,63,72,0.466666666666667,none
Ubr7,65,84,0.436241610738255,none,54,71,0.432,none
Ubxn2a,20,40,0.333333333333333,none,18,56,0.243243243243243,none
Ubxn6,40,25,0.615384615384615,none,25,31,0.446428571428571,none
Uchl3,119,144,0.452471482889734,none,94,95,0.497354497354497,none
Uchl5,52,65,0.444444444444444,none,41,56,0.422680412371134,none
Uck2,137,181,0.430817610062893,none,125,173,0.419463087248322,none
Ucp2,74,118,0.385416666666667,none,92,97,0.486772486772487,none
Ufd1,21,22,0.488372093023256,none,23,20,0.534883720930233,none
Ugdh,55,22,0.714285714285714,none,55,26,0.679012345679012,none
Uggt1,25,18,0.581395348837209,none,30,29,0.508474576271186,none
Uhrf1,129,103,0.556034482758621,none,196,167,0.539944903581267,none
Umps,121,97,0.555045871559633,none,87,104,0.455497382198953,none
Ung,55,89,0.381944444444444,none,67,79,0.458904109589041,none
Upf3a,38,19,0.666666666666667,none,41,4,0.911111111111111,paternal
Uqcc1,21,34,0.381818181818182,none,12,36,0.25,none
Uqcrc1,329,413,0.443396226415094,none,260,300,0.464285714285714,none
Uqcrc2,171,177,0.491379310344828,none,163,166,0.495440729483283,none
Urb2,48,15,0.761904761904762,none,59,28,0.67816091954023,none
Uri1,59,57,0.508620689655172,none,38,32,0.542857142857143,none
Uso1,54,41,0.568421052631579,none,47,33,0.5875,none
Usp14,83,79,0.512345679012346,none,60,79,0.431654676258993,none
Usp15,53,52,0.504761904761905,none,39,28,0.582089552238806,none
Usp22,37,45,0.451219512195122,none,23,38,0.377049180327869,none
Usp28,88,49,0.642335766423358,none,59,30,0.662921348314607,none
Usp38,38,25,0.603174603174603,none,28,14,0.666666666666667,none
Usp39,64,79,0.447552447552448,none,40,50,0.444444444444444,none
Usp4,36,36,0.5,none,48,45,0.516129032258065,none
Usp8,27,21,0.5625,none,27,29,0.482142857142857,none
Usp9x,0,102,0,maternal,0,133,0,maternal
Utp14a,0,72,0,maternal,0,49,0,maternal
Utp15,34,27,0.557377049180328,none,27,25,0.519230769230769,none
Utp18,85,74,0.534591194968553,none,86,68,0.558441558441558,none
Utp20,42,22,0.65625,none,24,17,0.585365853658537,none
Utp6,44,62,0.415094339622642,none,16,32,0.333333333333333,none
Vim,56,128,0.304347826086957,none,49,162,0.232227488151659,none
Vmp1,36,34,0.514285714285714,none,24,23,0.51063829787234,none
Vps16,52,48,0.52,none,19,32,0.372549019607843,none
Vps35,279,172,0.618625277161863,none,187,89,0.677536231884058,none
Vps36,67,46,0.592920353982301,none,37,32,0.536231884057971,none
Vps41,58,63,0.479338842975207,none,36,46,0.439024390243902,none
Vti1b,74,17,0.813186813186813,paternal,51,8,0.864406779661017,paternal
Wac,37,23,0.616666666666667,none,30,15,0.666666666666667,none
Wapl,58,73,0.442748091603053,none,44,47,0.483516483516484,none
Wars,29,17,0.630434782608696,none,30,31,0.491803278688525,none
Washc2,31,30,0.508196721311475,none,24,22,0.521739130434783,none
Washc3,44,36,0.55,none,45,21,0.681818181818182,none
Washc4,29,20,0.591836734693878,none,32,13,0.711111111111111,none
Washc5,32,32,0.5,none,30,23,0.566037735849057,none
Wdr12,92,115,0.444444444444444,none,53,77,0.407692307692308,none
Wdr3,45,51,0.46875,none,29,36,0.446153846153846,none
Wdr33,25,24,0.510204081632653,none,34,25,0.576271186440678,none
Wdr36,82,99,0.453038674033149,none,61,61,0.5,none
Wdr43,97,86,0.530054644808743,none,64,72,0.470588235294118,none
Wdr46,32,37,0.463768115942029,none,32,42,0.432432432432432,none
Wdr73,25,29,0.462962962962963,none,28,21,0.571428571428571,none
Wdr75,85,107,0.442708333333333,none,66,56,0.540983606557377,none
Wsb1,28,51,0.354430379746835,none,26,36,0.419354838709677,none
Wsb2,27,29,0.482142857142857,none,22,21,0.511627906976744,none
Wwp2,40,23,0.634920634920635,none,50,20,0.714285714285714,none
Xab2,56,32,0.636363636363636,none,55,24,0.69620253164557,none
Xpnpep1,110,68,0.617977528089888,none,82,82,0.5,none
Xpot,96,86,0.527472527472527,none,70,71,0.49645390070922,none
Xrcc1,31,37,0.455882352941176,none,31,36,0.462686567164179,none
Xrcc5,103,153,0.40234375,none,64,102,0.385542168674699,none
Xrcc6,23,33,0.410714285714286,none,31,19,0.62,none
Yars,73,60,0.548872180451128,none,73,51,0.588709677419355,none
Ydjc,47,33,0.5875,none,25,17,0.595238095238095,none
Zbtb45,30,17,0.638297872340426,none,22,26,0.458333333333333,none
Zc3h14,66,34,0.66,none,43,38,0.530864197530864,none
Zc3hc1,42,71,0.371681415929204,none,37,37,0.5,none
Zcchc8,38,40,0.487179487179487,none,35,36,0.492957746478873,none
Zdhhc18,28,24,0.538461538461538,none,29,16,0.644444444444444,none
Zfp106,69,67,0.507352941176471,none,69,70,0.496402877697842,none
Zfp110,35,22,0.614035087719298,none,24,20,0.545454545454545,none
Zfp24,20,29,0.408163265306122,none,18,30,0.375,none
Zfp277,45,48,0.483870967741935,none,40,44,0.476190476190476,none
Zfp296,40,30,0.571428571428571,none,28,26,0.518518518518518,none
Zfp330,110,43,0.718954248366013,none,72,44,0.620689655172414,none
Zfp593,85,51,0.625,none,66,30,0.6875,none
Zfp598,38,45,0.457831325301205,none,46,30,0.605263157894737,none
Zfp64,20,23,0.465116279069767,none,23,27,0.46,none
Zfp655,42,51,0.451612903225806,none,23,31,0.425925925925926,none
Zfp710,38,46,0.452380952380952,none,29,26,0.527272727272727,none
Zfp869,52,21,0.712328767123288,none,40,13,0.754716981132076,none
Zfp958,54,18,0.75,none,32,13,0.711111111111111,none
Zfr,29,25,0.537037037037037,none,27,34,0.442622950819672,none
Zfyve21,37,32,0.536231884057971,none,31,22,0.584905660377358,none
Zkscan17,29,30,0.491525423728814,none,25,30,0.454545454545455,none
Zmat5,27,22,0.551020408163265,none,28,30,0.482758620689655,none
Zmym1,33,34,0.492537313432836,none,40,39,0.506329113924051,none
Znhit6,38,40,0.487179487179487,none,24,18,0.571428571428571,none
Zpr1,45,59,0.432692307692308,none,41,51,0.445652173913043,none
Zswim1,33,42,0.44,none,29,33,0.467741935483871,none
Zw10,36,24,0.6,none,21,23,0.477272727272727,none
Zwilch,48,69,0.41025641025641,none,39,34,0.534246575342466,none
Zwint,44,69,0.389380530973451,none,34,45,0.430379746835443,none
